,Report Date,Ticker,Name,Fiscal Quarter Reported,EPS,EPS Forecast,#Ests,%Surprise
0,20190200201,SOHU,Sohu.com Limited ,Dec 2018,0.37 ,-1.03 ,1 ,135.92 
1,20190200201,MSG,The Madison Square Garden Company,Dec 2018,3.42 ,2.09 ,3 ,63.64 
2,20190200201,SNE,Sony Corp Ord,Dec 2018,2.93 ,1.9 ,1 ,54.21 
3,20190200201,XOM,Exxon Mobil Corporation,Dec 2018,1.51 ,1.08 ,5 ,39.81 
4,20190200201,BAH,Booz Allen Hamilton Holding Corporation,Dec 2018,0.72 ,0.58 ,7 ,24.14 
5,20190200201,IMO,Imperial Oil Limited,Dec 2018,0.82 ,0.71 ,3 ,15.49 
6,20190200201,PFS,"Provident Financial Services, Inc",Dec 2018,0.55 ,0.48 ,3 ,14.58 
7,20190200201,KKR,KKR & Co. Inc.,Dec 2018,0.55 ,0.49 ,6 ,12.24 
8,20190200201,OSB,Norbord Inc.,Dec 2018,0.3 ,0.27 ,2 ,11.11 
9,20190200201,ON,ON Semiconductor Corporation,Dec 2018,0.53 ,0.48 ,11 ,10.42 
10,20190200201,CVX,Chevron Corporation,Dec 2018,2.06 ,1.87 ,6 ,10.16 
11,20190200201,IDXX,"IDEXX Laboratories, Inc.",Dec 2018,0.98 ,0.9 ,4 ,8.89 
12,20190200201,JCI,Johnson Controls International plc,Dec 2018,0.26 ,0.24 ,5 ,8.33 
13,20190200201,SF,Stifel Financial Corporation,Dec 2018,1.57 ,1.48 ,1 ,6.08 
14,20190200201,BERY,"Berry Global Group, Inc.",Dec 2018,0.77 ,0.73 ,5 ,5.48 
15,20190200201,SPR,"Spirit Aerosystems Holdings, Inc.",Dec 2018,1.85 ,1.78 ,8 ,3.93 
16,20190200201,TWIN,"Twin Disc, Incorporated",Dec 2018,0.31 ,0.3 ,2 ,3.33 
17,20190200201,ROP,"Roper Technologies, Inc.",Dec 2018,3.22 ,3.13 ,6 ,2.88 
18,20190200201,HON,Honeywell International Inc.,Dec 2018,1.91 ,1.88 ,9 ,1.6 
19,20190200201,AON,Aon plc,Dec 2018,2.16 ,2.13 ,9 ,1.41 
20,20190200201,MRK,"Merck & Company, Inc.",Dec 2018,1.04 ,1.03 ,4 ,0.97 
21,20190200201,ITW,Illinois Tool Works Inc.,Dec 2018,1.83 ,1.82 ,9 ,0.55 
22,20190200201,THFF,First Financial Corporation Indiana,Dec 2018,0.9 ,0.9 ,2 ,0 
23,20190200201,HMC,"Honda Motor Company, Ltd.",Dec 2018,0.85 ,0.85 ,1 ,0 
24,20190200201,VRTS,"Virtus Investment Partners, Inc.",Dec 2018,3.06 ,3.06 ,2 ,0 
25,20190200201,ZBH,"Zimmer Biomet Holdings, Inc.",Dec 2018,2.18 ,2.18 ,14 ,0 
26,20190200201,SOGO,Sogou Inc.,Dec 2018,0.07 ,0.07 ,1 ,0 
27,20190200201,SPG,"Simon Property Group, Inc.",Dec 2018,3.23 ,3.24 ,9 ,-0.31 
28,20190200201,SBBX,SB One Bancorp,Dec 2018,0.47 ,0.48 ,2 ,-2.08 
29,20190200201,D,"Dominion Energy, Inc.",Dec 2018,0.89 ,0.91 ,5 ,-2.2 
30,20190200201,CI,Cigna Corporation,Dec 2018,2.46 ,2.53 ,7 ,-2.77 
31,20190200201,NVO,Novo Nordisk A/S,Dec 2018,0.54 ,0.57 ,2 ,-5.26 
32,20190200201,MINI,"Mobile Mini, Inc.",Dec 2018,0.53 ,0.58 ,2 ,-8.62 
33,20190200201,WY,Weyerhaeuser Company,Dec 2018,0.1 ,0.11 ,4 ,-9.09 
34,20190200201,SBSI,"Southside Bancshares, Inc.",Dec 2018,0.5 ,0.58 ,2 ,-13.79 
35,20190200201,LYB,LyondellBasell Industries NV,Dec 2018,1.83 ,2.13 ,7 ,-14.08 
36,20190200201,WFT,Weatherford International plc,Dec 2018,-0.14 ,-0.12 ,11 ,-16.67 
37,20190200201,WETF,"WisdomTree Investments, Inc.",Dec 2018,0.06 ,0.08 ,6 ,-25 
38,20190200201,CYOU,Changyou.com Limited,Dec 2018,0.19 ,0.42 ,1 ,-54.76 
39,20190200204,HLIT,Harmonic Inc.,Dec 2018,0.08 ,0.02 ,4 ,300 
40,20190200204,CIVI,"Civitas Solutions, Inc.",Dec 2018,0.44 ,0.11 ,1 ,300 
41,20190200204,DSPG,"DSP Group, Inc.",Dec 2018,0.04 ,-0.03 ,3 ,233.33 
42,20190200204,NSSC,"NAPCO Security Technologies, Inc.",Dec 2018,0.15 ,0.08 ,1 ,87.5 
43,20190200204,DLA,"Delta Apparel, Inc.",Dec 2018,0.14 ,0.08 ,1 ,75 
44,20190200204,UFI,"Unifi, Inc.",Dec 2018,-0.04 ,-0.08 ,1 ,50 
45,20190200204,ULTI,"The Ultimate Software Group, Inc.",Dec 2018,0.81 ,0.58 ,12 ,39.66 
46,20190200204,PCH,PotlatchDeltic Corporation,Dec 2018,0.04 ,0.03 ,3 ,33.33 
47,20190200204,ALXN,"Alexion Pharmaceuticals, Inc.",Dec 2018,1.95 ,1.6 ,7 ,21.88 
48,20190200204,USAK,"USA Truck, Inc.",Dec 2018,0.68 ,0.56 ,2 ,21.43 
49,20190200204,HIG,"Hartford Financial Services Group, Inc. (The)",Dec 2018,0.78 ,0.65 ,7 ,20 
50,20190200204,MTSC,MTS Systems Corporation,Dec 2018,0.59 ,0.51 ,1 ,15.69 
51,20190200204,GOOGL,Alphabet Inc.,Dec 2018,12.77 ,11.08 ,14 ,15.25 
52,20190200204,STX,Seagate Technology PLC,Dec 2018,1.41 ,1.27 ,7 ,11.02 
53,20190200204,FN,Fabrinet,Dec 2018,0.87 ,0.79 ,4 ,10.13 
54,20190200204,SAIA,"Saia, Inc.",Dec 2018,0.97 ,0.89 ,8 ,8.99 
55,20190200204,LEG,"Leggett & Platt, Incorporated",Dec 2018,0.62 ,0.57 ,4 ,8.77 
56,20190200204,RTEC,"Rudolph Technologies, Inc.",Dec 2018,0.26 ,0.24 ,4 ,8.33 
57,20190200204,RBC,Regal Beloit Corporation,Dec 2018,1.41 ,1.31 ,5 ,7.63 
58,20190200204,CTRL,Control4 Corporation,Dec 2018,0.31 ,0.29 ,5 ,6.9 
59,20190200204,LM,"Legg Mason, Inc.",Dec 2018,0.73 ,0.69 ,5 ,5.8 
60,20190200204,MESA,"Mesa Air Group, Inc.",Dec 2018,0.55 ,0.52 ,3 ,5.77 
61,20190200204,CSWC,Capital Southwest Corporation,Dec 2018,0.39 ,0.37 ,2 ,5.41 
62,20190200204,SYY,Sysco Corporation,Dec 2018,0.75 ,0.72 ,5 ,4.17 
63,20190200204,AKTS,"Akoustis Technologies, Inc.",Dec 2018,-0.24 ,-0.25 ,4 ,4 
64,20190200204,AEIS,"Advanced Energy Industries, Inc.",Dec 2018,0.68 ,0.66 ,2 ,3.03 
65,20190200204,KMT,Kennametal Inc.,Dec 2018,0.71 ,0.69 ,7 ,2.9 
66,20190200204,MLAB,"Mesa Laboratories, Inc.",Dec 2018,1.69 ,1.68 ,1 ,0.6 
67,20190200204,AMG,"Affiliated Managers Group, Inc.",Dec 2018,3.53 ,3.51 ,5 ,0.57 
68,20190200204,VSM,"Versum Materials, Inc.",Dec 2018,0.55 ,0.55 ,1 ,0 
69,20190200204,QTNA,"Quantenna Communications, Inc.",Dec 2018,0.09 ,0.09 ,7 ,0 
70,20190200204,QGEN,Qiagen N.V.,Dec 2018,0.4 ,0.4 ,6 ,0 
71,20190200204,MWA,Mueller Water Products Inc,Dec 2018,0.07 ,0.07 ,8 ,0 
72,20190200204,AVB,"AvalonBay Communities, Inc.",Dec 2018,2.31 ,2.32 ,8 ,-0.43 
73,20190200204,ARE,"Alexandria Real Estate Equities, Inc.",Dec 2018,1.68 ,1.69 ,4 ,-0.59 
74,20190200204,AIV,Apartment Investment and Management Company,Dec 2018,0.63 ,0.64 ,6 ,-1.56 
75,20190200204,APAM,Artisan Partners Asset Management Inc.,Dec 2018,0.61 ,0.62 ,3 ,-1.61 
76,20190200204,CBT,Cabot Corporation,Dec 2018,0.87 ,0.9 ,3 ,-3.33 
77,20190200204,OLN,Olin Corporation,Dec 2018,0.32 ,0.34 ,6 ,-5.88 
78,20190200204,BSAC,Banco Santander Chile,Dec 2018,0.48 ,0.51 ,2 ,-5.88 
79,20190200204,RGCO,RGC Resources Inc.,Dec 2018,0.3 ,0.32 ,2 ,-6.25 
80,20190200204,KRC,Kilroy Realty Corporation,Dec 2018,0.78 ,0.89 ,6 ,-12.36 
81,20190200204,GILD,"Gilead Sciences, Inc.",Dec 2018,1.34 ,1.61 ,8 ,-16.77 
82,20190200204,TRNS,"Transcat, Inc.",Dec 2018,0.21 ,0.26 ,2 ,-19.23 
83,20190200204,SSD,"Simpson Manufacturing Company, Inc.",Dec 2018,0.46 ,0.62 ,2 ,-25.81 
84,20190200204,BZH,"Beazer Homes USA, Inc.",Dec 2018,0.13 ,0.18 ,1 ,-27.78 
85,20190200204,JOUT,Johnson Outdoors Inc.,Dec 2018,0.35 ,0.57 ,1 ,-38.6 
86,20190200204,LMNX,Luminex Corporation,Dec 2018,0.04 ,0.12 ,5 ,-66.67 
87,20190200204,GLUU,Glu Mobile Inc.,Dec 2018,0 ,0.02 ,4 ,-100 
88,20190200204,RYAAY,Ryanair Holdings plc,Dec 2018,-0.1 ,0.25 ,1 ,-140 
89,20190200205,APPS,"Digital Turbine, Inc.",Dec 2018,0.03 ,0.01 ,2 ,200 
90,20190200205,PLT,"Plantronics, Inc.",Dec 2018,1.12 ,0.42 ,1 ,166.67 
91,20190200205,BRKS,"Brooks Automation, Inc.",Dec 2018,0.17 ,0.07 ,3 ,142.86 
92,20190200205,PAGP,"Plains Group Holdings, L.P.",Dec 2018,1.12 ,0.51 ,1 ,119.61 
93,20190200205,MLI,"Mueller Industries, Inc.",Dec 2018,0.47 ,0.22 ,1 ,113.64 
94,20190200205,ARRY,Array BioPharma Inc.,Dec 2018,-0.05 ,-0.16 ,8 ,68.75 
95,20190200205,AMSC,American Superconductor Corporation,Dec 2018,-0.15 ,-0.37 ,3 ,59.46 
96,20190200205,HLNE,Hamilton Lane Incorporated,Dec 2018,0.62 ,0.4 ,3 ,55 
97,20190200205,VRTX,Vertex Pharmaceuticals Incorporated,Dec 2018,1 ,0.72 ,8 ,38.89 
98,20190200205,VIAV,Viavi Solutions Inc.,Dec 2018,0.18 ,0.13 ,3 ,38.46 
99,20190200205,NANO,Nanometrics Incorporated,Dec 2018,0.53 ,0.39 ,3 ,35.9 
100,20190200205,NBIX,"Neurocrine Biosciences, Inc.",Dec 2018,0.19 ,0.14 ,10 ,35.71 
101,20190200205,GAIN,Gladstone Investment Corporation,Dec 2018,0.24 ,0.18 ,3 ,33.33 
102,20190200205,BP,BP p.l.c.,Dec 2018,1.04 ,0.78 ,4 ,33.33 
103,20190200205,MANH,"Manhattan Associates, Inc.",Dec 2018,0.4 ,0.31 ,4 ,29.03 
104,20190200205,ASH,Ashland Global Holdings Inc.,Dec 2018,0.14 ,0.11 ,6 ,27.27 
105,20190200205,SNAP,Snap Inc.,Dec 2018,-0.14 ,-0.19 ,10 ,26.32 
106,20190200205,ZEN,"Zendesk, Inc.",Dec 2018,-0.21 ,-0.28 ,10 ,25 
107,20190200205,ALLT,Allot Ltd.,Dec 2018,-0.03 ,-0.04 ,1 ,25 
108,20190200205,CTLT,"Catalent, Inc.",Dec 2018,0.41 ,0.33 ,4 ,24.24 
109,20190200205,ALL,Allstate Corporation (The),Dec 2018,1.24 ,1.01 ,8 ,22.77 
110,20190200205,SKY,Skyline Champion Corporation,Dec 2018,0.27 ,0.22 ,2 ,22.73 
111,20190200205,MXL,"MaxLinear, Inc",Dec 2018,0.11 ,0.09 ,3 ,22.22 
112,20190200205,LPT,Liberty Property Trust,Dec 2018,0.74 ,0.63 ,6 ,17.46 
113,20190200205,DIS,Walt Disney Company (The),Dec 2018,1.84 ,1.57 ,3 ,17.2 
114,20190200205,HCSG,"Healthcare Services Group, Inc.",Dec 2018,0.42 ,0.36 ,4 ,16.67 
115,20190200205,TENB,"Tenable Holdings, Inc.",Dec 2018,-0.21 ,-0.25 ,5 ,16 
116,20190200205,PAA,"Plains All American Pipeline, L.P.",Dec 2018,0.8 ,0.69 ,9 ,15.94 
117,20190200205,WDR,"Waddell & Reed Financial, Inc.",Dec 2018,0.6 ,0.52 ,4 ,15.38 
118,20190200205,PAYC,"Paycom Software, Inc.",Dec 2018,0.55 ,0.48 ,4 ,14.58 
119,20190200205,ARMK,Aramark,Dec 2018,0.63 ,0.55 ,11 ,14.55 
120,20190200205,VSH,"Vishay Intertechnology, Inc.",Dec 2018,0.58 ,0.51 ,3 ,13.73 
121,20190200205,TDG,Transdigm Group Incorporated,Dec 2018,3.61 ,3.19 ,2 ,13.17 
122,20190200205,EL,"Estee Lauder Companies, Inc. (The)",Dec 2018,1.74 ,1.54 ,11 ,12.99 
123,20190200205,EMR,Emerson Electric Company,Dec 2018,0.74 ,0.66 ,9 ,12.12 
124,20190200205,CDK,"CDK Global, Inc.",Dec 2018,0.96 ,0.86 ,4 ,11.63 
125,20190200205,CTO,Consolidated-Tomoka Land Co.,Dec 2018,2.22 ,2.02 ,1 ,9.9 
126,20190200205,VIAB,Viacom Inc.,Dec 2018,1.12 ,1.02 ,7 ,9.8 
127,20190200205,SBH,"Sally Beauty Holdings, Inc.",Dec 2018,0.57 ,0.52 ,9 ,9.62 
128,20190200205,ARLO,"Arlo Technologies, Inc.",Dec 2018,-0.43 ,-0.47 ,1 ,8.51 
129,20190200205,MODN,"Model N, Inc.",Dec 2018,-0.11 ,-0.12 ,3 ,8.33 
130,20190200205,VOYA,"Voya Financial, Inc.",Dec 2018,1.32 ,1.22 ,13 ,8.2 
131,20190200205,FLOW,"SPX FLOW, Inc.",Dec 2018,0.66 ,0.61 ,4 ,8.2 
132,20190200205,RL,Ralph Lauren Corporation,Dec 2018,2.32 ,2.15 ,6 ,7.91 
133,20190200205,ACM,AECOM,Dec 2018,0.56 ,0.52 ,3 ,7.69 
134,20190200205,MHO,"M/I Homes, Inc.",Dec 2018,1.32 ,1.23 ,1 ,7.32 
135,20190200205,ENR,"Energizer Holdings, Inc.",Dec 2018,1.64 ,1.53 ,5 ,7.19 
136,20190200205,EA,Electronic Arts Inc.,Dec 2018,1.87 ,1.75 ,9 ,6.86 
137,20190200205,HAE,Haemonetics Corporation,Dec 2018,0.63 ,0.59 ,5 ,6.78 
138,20190200205,AGCO,AGCO Corporation,Dec 2018,1.31 ,1.23 ,7 ,6.5 
139,20190200205,BMI,"Badger Meter, Inc.",Dec 2018,0.4 ,0.38 ,3 ,5.26 
140,20190200205,WCG,"WellCare Health Plans, Inc.",Dec 2018,1.63 ,1.55 ,9 ,5.16 
141,20190200205,OAK,"Oaktree Capital Group, LLC",Dec 2018,0.43 ,0.41 ,7 ,4.88 
142,20190200205,CB,Chubb Limited,Dec 2018,2.02 ,1.93 ,8 ,4.66 
143,20190200205,MCHP,Microchip Technology Incorporated,Dec 2018,1.51 ,1.45 ,4 ,4.14 
144,20190200205,CNC,Centene Corporation,Dec 2018,1.38 ,1.33 ,10 ,3.76 
145,20190200205,ATO,Atmos Energy Corporation,Dec 2018,1.38 ,1.33 ,4 ,3.76 
146,20190200205,SFLY,"Shutterfly, Inc.",Dec 2018,5.47 ,5.28 ,3 ,3.6 
147,20190200205,JKHY,"Jack Henry & Associates, Inc.",Dec 2018,0.88 ,0.85 ,5 ,3.53 
148,20190200205,AME,"AMTEK, Inc.",Dec 2018,0.86 ,0.84 ,8 ,2.38 
149,20190200205,PDM,"Piedmont Office Realty Trust, Inc.",Dec 2018,0.45 ,0.44 ,4 ,2.27 
150,20190200205,ENTG,"Entegris, Inc.",Dec 2018,0.47 ,0.46 ,3 ,2.17 
151,20190200205,SCSC,"ScanSource, Inc.",Dec 2018,0.99 ,0.97 ,2 ,2.06 
152,20190200205,HUBB,Hubbell Inc,Dec 2018,1.72 ,1.69 ,4 ,1.78 
153,20190200205,DOX,Amdocs Limited,Dec 2018,0.91 ,0.9 ,3 ,1.11 
154,20190200205,ROLL,RBC Bearings Incorporated,Dec 2018,1.15 ,1.14 ,5 ,0.88 
155,20190200205,DLR,"Digital Realty Trust, Inc.",Dec 2018,1.68 ,1.67 ,10 ,0.6 
156,20190200205,LII,"Lennox International, Inc.",Dec 2018,1.93 ,1.92 ,15 ,0.52 
157,20190200205,TMK,Torchmark Corporation,Dec 2018,1.56 ,1.56 ,4 ,0 
158,20190200205,SWKS,"Skyworks Solutions, Inc.",Dec 2018,1.71 ,1.71 ,2 ,0 
159,20190200205,SAVE,"Spirit Airlines, Inc.",Dec 2018,1.38 ,1.38 ,7 ,0 
160,20190200205,LAZ,Lazard Ltd.,Dec 2018,0.94 ,0.94 ,1 ,0 
161,20190200205,HIW,"Highwoods Properties, Inc.",Dec 2018,0.86 ,0.86 ,10 ,0 
162,20190200205,GPMT,Granite Point Mortgage Trust Inc.,Dec 2018,0.37 ,0.37 ,2 ,0 
163,20190200205,CERN,Cerner Corporation,Dec 2018,0.57 ,0.57 ,10 ,0 
164,20190200205,BOOT,"Boot Barn Holdings, Inc.",Dec 2018,0.66 ,0.66 ,7 ,0 
165,20190200205,BDX,"Becton, Dickinson and Company",Dec 2018,2.7 ,2.7 ,1 ,0 
166,20190200205,INGR,Ingredion Incorporated,Dec 2018,1.61 ,1.62 ,1 ,-0.62 
167,20190200205,UNM,Unum Group,Dec 2018,1.3 ,1.31 ,6 ,-0.76 
168,20190200205,CHD,"Church & Dwight Company, Inc.",Dec 2018,0.57 ,0.58 ,11 ,-1.72 
169,20190200205,OI,"Owens-Illinois, Inc.",Dec 2018,0.61 ,0.63 ,6 ,-3.17 
170,20190200205,UFS,Domtar Corporation,Dec 2018,1.63 ,1.69 ,3 ,-3.55 
171,20190200205,VREX,Varex Imaging Corporation,Dec 2018,0.26 ,0.27 ,2 ,-3.7 
172,20190200205,IT,"Gartner, Inc.",Dec 2018,1.2 ,1.25 ,6 ,-4 
173,20190200205,APU,"AmeriGas Partners, L.P.",Dec 2018,1.18 ,1.23 ,3 ,-4.07 
174,20190200205,ADM,Archer-Daniels-Midland Company,Dec 2018,0.88 ,0.92 ,4 ,-4.35 
175,20190200205,PBI,Pitney Bowes Inc.,Dec 2018,0.38 ,0.4 ,1 ,-5 
176,20190200205,GPI,"Group 1 Automotive, Inc.",Dec 2018,2.31 ,2.45 ,2 ,-5.71 
177,20190200205,TECH,Bio-Techne Corp,Dec 2018,0.92 ,0.98 ,1 ,-6.12 
178,20190200205,JHG,Janus Henderson Group plc,Dec 2018,0.59 ,0.63 ,4 ,-6.35 
179,20190200205,ATKR,Atkore International Group Inc.,Dec 2018,0.54 ,0.58 ,2 ,-6.9 
180,20190200205,BE,Bloom Energy Corporation,Dec 2018,-0.92 ,-0.86 ,2 ,-6.98 
181,20190200205,MDU,"MDU Resources Group, Inc.",Dec 2018,0.39 ,0.42 ,1 ,-7.14 
182,20190200205,PINC,"Premier, Inc.",Dec 2018,0.53 ,0.58 ,9 ,-8.62 
183,20190200205,MSGN,MSG Networks Inc.,Dec 2018,0.58 ,0.64 ,4 ,-9.38 
184,20190200205,PZN,Pzena Investment Management Inc,Dec 2018,0.16 ,0.18 ,1 ,-11.11 
185,20190200205,EQNR,Equinor ASA,Dec 2018,0.46 ,0.52 ,2 ,-11.54 
186,20190200205,MYGN,"Myriad Genetics, Inc.",Dec 2018,0.3 ,0.34 ,4 ,-11.76 
187,20190200205,LBRT,Liberty Oilfield Services Inc.,Dec 2018,0.27 ,0.31 ,7 ,-12.9 
188,20190200205,SBOT,"Stellar Biotechnologies, Inc.",Dec 2018,-0.26 ,-0.23 ,1 ,-13.04 
189,20190200205,DATA,"Tableau Software, Inc.",Dec 2018,-0.78 ,-0.68 ,5 ,-14.71 
190,20190200205,MN,"Manning & Napier, Inc.",Dec 2018,0.04 ,0.05 ,1 ,-20 
191,20190200205,MTSI,"MACOM Technology Solutions Holdings, Inc.",Dec 2018,0.06 ,0.08 ,3 ,-25 
192,20190200205,GLT,Glatfelter,Dec 2018,0.03 ,0.04 ,2 ,-25 
193,20190200205,GBL,"Gamco Investors, Inc.",Dec 2018,0.59 ,0.81 ,1 ,-27.16 
194,20190200205,SXCP,"SunCoke Energy Partners, L.P.",Dec 2018,0.24 ,0.33 ,3 ,-27.27 
195,20190200205,UGI,UGI Corporation,Dec 2018,0.81 ,1.12 ,3 ,-27.68 
196,20190200205,SU,Suncor Energy  Inc.,Dec 2018,0.27 ,0.38 ,5 ,-28.95 
197,20190200205,MKL,Markel Corporation,Dec 2018,2.27 ,3.31 ,3 ,-31.42 
198,20190200205,HCLP,Hi-Crush Partners LP,Dec 2018,-0.08 ,-0.06 ,6 ,-33.33 
199,20190200205,APC,Anadarko Petroleum Corporation,Dec 2018,0.38 ,0.57 ,12 ,-33.33 
200,20190200205,TCS,Container Store (The),Dec 2018,0.07 ,0.11 ,1 ,-36.36 
201,20190200205,VNOM,Viper Energy Partners LP,Dec 2018,0.1 ,0.16 ,7 ,-37.5 
202,20190200205,SXC,"SunCoke Energy, Inc.",Dec 2018,0.03 ,0.05 ,2 ,-40 
203,20190200205,LITE,Lumentum Holdings Inc.,Dec 2018,0.59 ,1 ,6 ,-41 
204,20190200205,UTI,Universal Technical Institute Inc,Dec 2018,-0.17 ,-0.11 ,1 ,-54.55 
205,20190200205,HMN,Horace Mann Educators Corporation,Dec 2018,-0.21 ,-0.08 ,1 ,-162.5 
206,20190200205,CALX,"Calix, Inc",Dec 2018,-0.05 ,0.08 ,2 ,-162.5 
207,20190200205,AQUA,Evoqua Water Technologies Corp.,Dec 2018,-0.03 ,-0.01 ,3 ,-200 
208,20190200205,GNW,Genworth Financial Inc,Dec 2018,-0.58 ,0.24 ,1 ,-341.67 
209,20190200206,TRVG,trivago N.V.,Dec 2018,0.04 ,0.01 ,7 ,300 
210,20190200206,SPOT,Spotify Technology S.A.,Dec 2018,0.41 ,-0.24 ,9 ,270.83 
211,20190200206,PCTY,Paylocity Holding Corporation,Dec 2018,0.11 ,0.03 ,8 ,266.67 
212,20190200206,BLBD,Blue Bird Corporation,Dec 2018,0.03 ,-0.04 ,2 ,175 
213,20190200206,TTMI,"TTM Technologies, Inc.",Dec 2018,0.42 ,0.21 ,2 ,100 
214,20190200206,OSUR,"OraSure Technologies, Inc.",Dec 2018,0.2 ,0.11 ,2 ,81.82 
215,20190200206,IRBT,iRobot Corporation,Dec 2018,0.84 ,0.51 ,4 ,64.71 
216,20190200206,CG,The Carlyle Group L.P.,Dec 2018,-0.15 ,-0.36 ,6 ,58.33 
217,20190200206,TTWO,"Take-Two Interactive Software, Inc.",Dec 2018,3.19 ,2.02 ,7 ,57.92 
218,20190200206,RDWR,Radware Ltd.,Dec 2018,0.17 ,0.11 ,4 ,54.55 
219,20190200206,IRMD,iRadimed Corporation,Dec 2018,0.14 ,0.1 ,1 ,40 
220,20190200206,FTNT,"Fortinet, Inc.",Dec 2018,0.42 ,0.31 ,11 ,35.48 
221,20190200206,SONO,"Sonos, Inc.",Dec 2018,0.55 ,0.41 ,4 ,34.15 
222,20190200206,IO,Ion Geophysical Corporation,Dec 2018,1.07 ,0.8 ,1 ,33.75 
223,20190200206,GPRO,"GoPro, Inc.",Dec 2018,0.25 ,0.19 ,2 ,31.58 
224,20190200206,NEWR,"New Relic, Inc.",Dec 2018,-0.07 ,-0.1 ,7 ,30 
225,20190200206,BTU,Peabody Energy Corporation,Dec 2018,0.88 ,0.68 ,3 ,29.41 
226,20190200206,CCMP,Cabot Microelectronics Corporation,Dec 2018,1.9 ,1.47 ,1 ,29.25 
227,20190200206,BLKB,"Blackbaud, Inc.",Dec 2018,0.46 ,0.36 ,6 ,27.78 
228,20190200206,LCI,Lannett Co Inc,Dec 2018,0.86 ,0.68 ,2 ,26.47 
229,20190200206,HIVE,"Aerohive Networks, Inc.",Dec 2018,-0.06 ,-0.08 ,2 ,25 
230,20190200206,ACLS,"Axcelis Technologies, Inc.",Dec 2018,0.25 ,0.2 ,3 ,25 
231,20190200206,ECHO,"Echo Global Logistics, Inc.",Dec 2018,0.41 ,0.33 ,2 ,24.24 
232,20190200206,CSGS,"CSG Systems International, Inc.",Dec 2018,0.83 ,0.67 ,1 ,23.88 
233,20190200206,CMG,"Chipotle Mexican Grill, Inc.",Dec 2018,1.72 ,1.39 ,15 ,23.74 
234,20190200206,FOXA,"Twenty-First Century Fox, Inc.",Dec 2018,0.37 ,0.3 ,3 ,23.33 
235,20190200206,TARO,Taro Pharmaceutical Industries Ltd.,Dec 2018,2.4 ,1.95 ,1 ,23.08 
236,20190200206,CINF,Cincinnati Financial Corporation,Dec 2018,0.98 ,0.8 ,2 ,22.5 
237,20190200206,PSTI,"Pluristem Therapeutics, Inc.",Dec 2018,-0.07 ,-0.09 ,2 ,22.22 
238,20190200206,PCMI,"PCM, Inc.",Dec 2018,0.51 ,0.42 ,2 ,21.43 
239,20190200206,CFMS,"ConforMIS, Inc.",Dec 2018,-0.16 ,-0.2 ,4 ,20 
240,20190200206,UHAL,Amerco,Dec 2018,4.01 ,3.36 ,1 ,19.35 
241,20190200206,GM,General Motors Company,Dec 2018,1.43 ,1.21 ,5 ,18.18 
242,20190200206,REGN,"Regeneron Pharmaceuticals, Inc.",Dec 2018,5.92 ,5.1 ,1 ,16.08 
243,20190200206,NXPI,NXP Semiconductors N.V.,Dec 2018,2.05 ,1.77 ,8 ,15.82 
244,20190200206,PFGC,Performance Food Group Company,Dec 2018,0.46 ,0.4 ,3 ,15 
245,20190200206,MC,Moelis & Company,Dec 2018,0.77 ,0.67 ,3 ,14.93 
246,20190200206,FEYE,"FireEye, Inc.",Dec 2018,-0.12 ,-0.14 ,11 ,14.29 
247,20190200206,NYT,New York Times Company (The),Dec 2018,0.32 ,0.28 ,1 ,14.29 
248,20190200206,FORM,"FormFactor, Inc.",Dec 2018,0.24 ,0.21 ,4 ,14.29 
249,20190200206,KFRC,"Kforce, Inc.",Dec 2018,0.65 ,0.57 ,4 ,14.04 
250,20190200206,MBUU,"Malibu Boats, Inc.",Dec 2018,0.83 ,0.73 ,5 ,13.7 
251,20190200206,GSK,GlaxoSmithKline PLC,Dec 2018,0.79 ,0.7 ,3 ,12.86 
252,20190200206,PLUS,ePlus inc.,Dec 2018,1.1 ,0.98 ,1 ,12.24 
253,20190200206,CPRI,Capri Holdings Limited,Dec 2018,1.76 ,1.57 ,11 ,12.1 
254,20190200206,ELAN,Elanco Animal Health Incorporated,Dec 2018,0.29 ,0.26 ,4 ,11.54 
255,20190200206,MTCH,"Match Group, Inc.",Dec 2018,0.39 ,0.35 ,4 ,11.43 
256,20190200206,GWR,"Genesee & Wyoming, Inc.",Dec 2018,1 ,0.9 ,7 ,11.11 
257,20190200206,ICL,Israel Chemicals Shs,Dec 2018,0.1 ,0.09 ,2 ,11.11 
258,20190200206,ENSG,"The Ensign Group, Inc.",Dec 2018,0.52 ,0.47 ,3 ,10.64 
259,20190200206,WERN,"Werner Enterprises, Inc.",Dec 2018,0.75 ,0.68 ,10 ,10.29 
260,20190200206,AEL,American Equity Investment Life Holding Company,Dec 2018,0.99 ,0.9 ,3 ,10 
261,20190200206,CMFN,CM Finance Inc,Dec 2018,0.27 ,0.25 ,2 ,8 
262,20190200206,KNL,"Knoll, Inc.",Dec 2018,0.57 ,0.53 ,2 ,7.55 
263,20190200206,WD,"Walker & Dunlop, Inc.",Dec 2018,1.44 ,1.34 ,1 ,7.46 
264,20190200206,FLO,"Flowers Foods, Inc.",Dec 2018,0.16 ,0.15 ,3 ,6.67 
265,20190200206,ABG,Asbury Automotive Group Inc,Dec 2018,2.2 ,2.07 ,4 ,6.28 
266,20190200206,CUZ,Cousins Properties Incorporated,Dec 2018,0.17 ,0.16 ,6 ,6.25 
267,20190200206,FDC,First Data Corporation,Dec 2018,0.34 ,0.32 ,10 ,6.25 
268,20190200206,BSX,Boston Scientific Corporation,Dec 2018,0.39 ,0.37 ,9 ,5.41 
269,20190200206,BCO,Brink's Company (The),Dec 2018,1.05 ,1 ,2 ,5 
270,20190200206,HUM,Humana Inc.,Dec 2018,2.65 ,2.53 ,10 ,4.74 
271,20190200206,TWO,Two Harbors Investments Corp,Dec 2018,0.49 ,0.47 ,3 ,4.26 
272,20190200206,FLT,"FleetCor Technologies, Inc.",Dec 2018,2.64 ,2.54 ,6 ,3.94 
273,20190200206,MET,"MetLife, Inc.",Dec 2018,1.35 ,1.3 ,7 ,3.85 
274,20190200206,RGLD,"Royal Gold, Inc.",Dec 2018,0.36 ,0.35 ,3 ,2.86 
275,20190200206,TRMB,Trimble Inc.,Dec 2018,0.41 ,0.4 ,6 ,2.5 
276,20190200206,BIP,Brookfield Infrastructure Partners LP,Dec 2018,0.82 ,0.81 ,2 ,1.23 
277,20190200206,LNC,Lincoln National Corporation,Dec 2018,2.15 ,2.13 ,7 ,0.94 
278,20190200206,EGP,"EastGroup Properties, Inc.",Dec 2018,1.18 ,1.18 ,8 ,0 
279,20190200206,PFLT,PennantPark Floating Rate Capital Ltd.,Dec 2018,0.3 ,0.3 ,2 ,0 
280,20190200206,GBDC,"Golub Capital BDC, Inc.",Dec 2018,0.32 ,0.32 ,3 ,0 
281,20190200206,NTR,Nutrien Ltd.,Dec 2018,0.54 ,0.54 ,5 ,0 
282,20190200206,ELY,Callaway Golf Company,Dec 2018,-0.32 ,-0.32 ,9 ,0 
283,20190200206,EMKR,EMCORE Corporation,Dec 2018,-0.11 ,-0.11 ,2 ,0 
284,20190200206,CTSH,Cognizant Technology Solutions Corporation,Dec 2018,0.98 ,0.98 ,7 ,0 
285,20190200206,CCK,"Crown Holdings, Inc.",Dec 2018,1 ,1 ,6 ,0 
286,20190200206,COR,CoreSite Realty Corporation,Dec 2018,1.26 ,1.26 ,12 ,0 
287,20190200206,VCTR,"Victory Capital Holdings, Inc.",Dec 2018,0.34 ,0.34 ,1 ,0 
288,20190200206,PSEC,Prospect Capital Corporation,Dec 2018,0.22 ,0.22 ,1 ,0 
289,20190200206,GLAD,Gladstone Capital Corporation,Dec 2018,0.21 ,0.21 ,1 ,0 
290,20190200206,DHT,"DHT Holdings, Inc.",Dec 2018,0.13 ,0.13 ,5 ,0 
291,20190200206,ORLY,"O'Reilly Automotive, Inc.",Dec 2018,3.72 ,3.76 ,9 ,-1.06 
292,20190200206,AINV,Apollo Investment Corporation,Dec 2018,0.45 ,0.46 ,5 ,-2.17 
293,20190200206,LLY,Eli Lilly and Company,Dec 2018,1.33 ,1.36 ,4 ,-2.21 
294,20190200206,SR,Spire Inc.,Dec 2018,1.3 ,1.34 ,4 ,-2.99 
295,20190200206,ST,Sensata Technologies Holding plc,Dec 2018,0.95 ,0.99 ,9 ,-4.04 
296,20190200206,ENS,Enersys,Dec 2018,1.17 ,1.24 ,2 ,-5.65 
297,20190200206,JE,"Just Energy Group, Inc.",Dec 2018,0.15 ,0.16 ,2 ,-6.25 
298,20190200206,PAHC,Phibro Animal Health Corporation,Dec 2018,0.41 ,0.44 ,2 ,-6.82 
299,20190200206,ASC,Ardmore Shipping Corporation,Dec 2018,-0.26 ,-0.24 ,6 ,-8.33 
300,20190200206,CMI,Cummins Inc.,Dec 2018,3.48 ,3.82 ,8 ,-8.9 
301,20190200206,BAP,Credicorp Ltd.,Dec 2018,3.58 ,3.95 ,3 ,-9.37 
302,20190200206,NJR,NewJersey Resources Corporation,Dec 2018,0.61 ,0.69 ,4 ,-11.59 
303,20190200206,MTRX,Matrix Service Company,Dec 2018,0.14 ,0.16 ,1 ,-12.5 
304,20190200206,CDAY,Ceridian HCM Holding Inc.,Dec 2018,0.07 ,0.08 ,7 ,-12.5 
305,20190200206,ICHR,Ichor Holdings,Dec 2018,0.27 ,0.31 ,2 ,-12.9 
306,20190200206,VVV,Valvoline Inc.,Dec 2018,0.27 ,0.31 ,7 ,-12.9 
307,20190200206,EPM,"Evolution Petroleum Corporation, Inc.",Dec 2018,0.12 ,0.14 ,2 ,-14.29 
308,20190200206,ENTA,"Enanta Pharmaceuticals, Inc.",Dec 2018,1.25 ,1.46 ,4 ,-14.38 
309,20190200206,PRU,"Prudential Financial, Inc.",Dec 2018,2.44 ,2.88 ,18 ,-15.28 
310,20190200206,TTGT,"TechTarget, Inc.",Dec 2018,0.09 ,0.11 ,2 ,-18.18 
311,20190200206,FSV,FirstService Corporation,Dec 2018,0.31 ,0.38 ,1 ,-18.42 
312,20190200206,AOSL,Alpha and Omega Semiconductor Limited,Dec 2018,0.12 ,0.15 ,1 ,-20 
313,20190200206,JEC,Jacobs Engineering Group Inc.,Dec 2018,0.78 ,1.05 ,7 ,-25.71 
314,20190200206,IEC,IEC Electronics Corp.,Dec 2018,0.1 ,0.14 ,1 ,-28.57 
315,20190200206,RYN,Rayonier Inc.,Dec 2018,0.02 ,0.03 ,3 ,-33.33 
316,20190200206,ITI,"Iteris, Inc.",Dec 2018,-0.04 ,-0.03 ,2 ,-33.33 
317,20190200206,NTGR,"NETGEAR, Inc.",Dec 2018,0.48 ,0.74 ,1 ,-35.14 
318,20190200206,PSDO,"Presidio, Inc.",Dec 2018,0.07 ,0.13 ,3 ,-46.15 
319,20190200206,TM,Toyota Motor Corp Ltd Ord,Dec 2018,1.11 ,2.8 ,1 ,-60.36 
320,20190200206,NOV,"National Oilwell Varco, Inc.",Dec 2018,0.03 ,0.08 ,13 ,-62.5 
321,20190200206,CENT,Central Garden & Pet Company,Dec 2018,0.03 ,0.09 ,1 ,-66.67 
322,20190200206,CSTE,Caesarstone Ltd.,Dec 2018,0.04 ,0.14 ,1 ,-71.43 
323,20190200206,CENTA,Central Garden & Pet Company,Dec 2018,0.03 ,0.15 ,3 ,-80 
324,20190200206,WTM,"White Mountains Insurance Group, Ltd.",Dec 2018,0.19 ,1.16 ,1 ,-83.62 
325,20190200206,NNA,Navios Maritime Acquisition Corporation,Dec 2018,-1.36 ,-0.72 ,2 ,-88.89 
326,20190200206,ZNGA,Zynga Inc.,Dec 2018,0 ,0.02 ,5 ,-100 
327,20190200206,CUB,Cubic Corporation,Dec 2018,-0.07 ,0.03 ,2 ,-333.33 
328,20190200206,SUM,"Summit Materials, Inc.",Dec 2018,-0.16 ,0.04 ,5 ,-500 
329,20190200207,EGAN,eGain Corporation,Dec 2018,0.07 ,-0.01 ,1 ,800 
330,20190200207,PHX,Panhandle Royalty Company,Dec 2018,0.47 ,0.07 ,1 ,571.43 
331,20190200207,EIGI,"Endurance International Group Holdings, Inc.",Dec 2018,0.09 ,-0.03 ,3 ,400 
332,20190200207,FET,"Forum Energy Technologies, Inc.",Dec 2018,0.08 ,-0.03 ,7 ,366.67 
333,20190200207,EMCI,EMC Insurance Group Inc.,Dec 2018,0.43 ,-0.35 ,1 ,222.86 
334,20190200207,MTW,"Manitowoc Company, Inc. (The)",Dec 2018,0.16 ,0.05 ,6 ,220 
335,20190200207,MAT,"Mattel, Inc.",Dec 2018,0.04 ,-0.11 ,6 ,136.36 
336,20190200207,ANGI,ANGI Homeservices Inc.,Dec 2018,0.07 ,0.03 ,6 ,133.33 
337,20190200207,ATEN,"A10 Networks, Inc.",Dec 2018,0 ,-0.05 ,1 ,100 
338,20190200207,VSTO,Vista Outdoor Inc.,Dec 2018,0.09 ,0.05 ,3 ,80 
339,20190200207,OESX,"Orion Energy Systems, Inc.",Dec 2018,-0.02 ,-0.07 ,2 ,71.43 
340,20190200207,PTEN,"Patterson-UTI Energy, Inc.",Dec 2018,-0.04 ,-0.14 ,11 ,71.43 
341,20190200207,EPC,"Energizer Holdings, Inc.",Dec 2018,0.37 ,0.22 ,6 ,68.18 
342,20190200207,AGTC,Applied Genetic Technologies Corporation,Dec 2018,-0.23 ,-0.64 ,3 ,64.06 
343,20190200207,PCYG,"Park City Group, Inc.",Dec 2018,0.08 ,0.05 ,1 ,60 
344,20190200207,VSAT,"ViaSat, Inc.",Dec 2018,-0.17 ,-0.41 ,4 ,58.54 
345,20190200207,POWI,"Power Integrations, Inc.",Dec 2018,0.46 ,0.3 ,3 ,53.33 
346,20190200207,ASYS,"Amtech Systems, Inc.",Dec 2018,-0.12 ,-0.24 ,2 ,50 
347,20190200207,PXLW,"Pixelworks, Inc.",Dec 2018,-0.01 ,-0.02 ,3 ,50 
348,20190200207,TWTR,"Twitter, Inc.",Dec 2018,0.23 ,0.16 ,11 ,43.75 
349,20190200207,TNAV,"Telenav, Inc.",Dec 2018,-0.1 ,-0.17 ,2 ,41.18 
350,20190200207,NUAN,"Nuance Communications, Inc.",Dec 2018,0.24 ,0.17 ,3 ,41.18 
351,20190200207,CNHI,CNH Industrial N.V.,Dec 2018,0.21 ,0.15 ,5 ,40 
352,20190200207,FSCT,"ForeScout Technologies, Inc.",Dec 2018,-0.34 ,-0.56 ,1 ,39.29 
353,20190200207,AMAG,"AMAG Pharmaceuticals, Inc.",Dec 2018,-0.6 ,-0.98 ,3 ,38.78 
354,20190200207,WWE,"World Wrestling Entertainment, Inc.",Dec 2018,0.44 ,0.32 ,3 ,37.5 
355,20190200207,SKX,"Skechers U.S.A., Inc.",Dec 2018,0.31 ,0.23 ,6 ,34.78 
356,20190200207,LGF.A,Lions Gate Entertainment Corporation,Dec 2018,0.31 ,0.23 ,1 ,34.78 
357,20190200207,VRSN,"VeriSign, Inc.",Dec 2018,1.5 ,1.12 ,1 ,33.93 
358,20190200207,EXPE,"Expedia Group, Inc.",Dec 2018,0.99 ,0.74 ,6 ,33.78 
359,20190200207,LQDT,"Liquidity Services, Inc.",Dec 2018,-0.1 ,-0.15 ,2 ,33.33 
360,20190200207,COLM,Columbia Sportswear Company,Dec 2018,1.68 ,1.27 ,7 ,32.28 
361,20190200207,PMT,PennyMac Mortgage Investment Trust,Dec 2018,0.55 ,0.42 ,4 ,30.95 
362,20190200207,CSL,Carlisle Companies Incorporated,Dec 2018,1.58 ,1.21 ,4 ,30.58 
363,20190200207,NR,"Newpark Resources, Inc.",Dec 2018,0.13 ,0.1 ,4 ,30 
364,20190200207,FLDM,Fluidigm Corporation,Dec 2018,-0.18 ,-0.25 ,2 ,28 
365,20190200207,LGND,Ligand Pharmaceuticals Incorporated,Dec 2018,1.43 ,1.12 ,1 ,27.68 
366,20190200207,CARB,"Carbonite, Inc.",Dec 2018,0.36 ,0.29 ,6 ,24.14 
367,20190200207,PRO,"PROS Holdings, Inc.",Dec 2018,-0.19 ,-0.25 ,4 ,24 
368,20190200207,CNXN,"PC Connection, Inc.",Dec 2018,0.76 ,0.62 ,2 ,22.58 
369,20190200207,MPC,Marathon Petroleum Corporation,Dec 2018,2.41 ,1.98 ,8 ,21.72 
370,20190200207,CAH,"Cardinal Health, Inc.",Dec 2018,1.29 ,1.09 ,8 ,18.35 
371,20190200207,CPST,Capstone Turbine Corporation,Dec 2018,-0.05 ,-0.06 ,3 ,16.67 
372,20190200207,FCAU,Fiat Chrysler Automobiles N.V.,Dec 2018,1.19 ,1.02 ,2 ,16.67 
373,20190200207,SYNA,Synaptics Incorporated,Dec 2018,1.08 ,0.93 ,2 ,16.13 
374,20190200207,PFSI,"PennyMac Financial Services, Inc.",Dec 2018,0.63 ,0.55 ,6 ,14.55 
375,20190200207,FWRD,Forward Air Corporation,Dec 2018,0.95 ,0.83 ,6 ,14.46 
376,20190200207,ONVO,"Organovo Holdings, Inc.",Dec 2018,-0.06 ,-0.07 ,3 ,14.29 
377,20190200207,RPD,"Rapid7, Inc.",Dec 2018,-0.18 ,-0.21 ,6 ,14.29 
378,20190200207,MAS,Masco Corporation,Dec 2018,0.64 ,0.56 ,9 ,14.29 
379,20190200207,BKH,Black Hills Corporation,Dec 2018,1.05 ,0.92 ,3 ,14.13 
380,20190200207,BHE,"Benchmark Electronics, Inc.",Dec 2018,0.41 ,0.36 ,1 ,13.89 
381,20190200207,KN,Knowles Corporation,Dec 2018,0.33 ,0.29 ,4 ,13.79 
382,20190200207,NWSA,News Corporation,Dec 2018,0.18 ,0.16 ,2 ,12.5 
383,20190200207,HUBG,"Hub Group, Inc.",Dec 2018,1.01 ,0.9 ,8 ,12.22 
384,20190200207,ODFL,"Old Dominion Freight Line, Inc.",Dec 2018,1.95 ,1.74 ,9 ,12.07 
385,20190200207,SEE,Sealed Air Corporation,Dec 2018,0.75 ,0.67 ,6 ,11.94 
386,20190200207,TDC,Teradata Corporation,Dec 2018,0.38 ,0.34 ,6 ,11.76 
387,20190200207,QRVO,"Qorvo, Inc.",Dec 2018,1.73 ,1.55 ,4 ,11.61 
388,20190200207,GTIM,Good Times Restaurants Inc.,Dec 2018,-0.08 ,-0.09 ,1 ,11.11 
389,20190200207,GRA,W.R. Grace & Co.,Dec 2018,1.14 ,1.03 ,3 ,10.68 
390,20190200207,MCFT,"MasterCraft Boat Holdings, Inc.",Dec 2018,0.63 ,0.57 ,6 ,10.53 
391,20190200207,TGI,"Triumph Group, Inc.",Dec 2018,0.42 ,0.38 ,6 ,10.53 
392,20190200207,CDW,CDW Corporation,Dec 2018,1.28 ,1.16 ,4 ,10.34 
393,20190200207,BRT,BRT Apartments Corp.,Dec 2018,0.22 ,0.2 ,2 ,10 
394,20190200207,DNKN,"Dunkin' Brands Group, Inc.",Dec 2018,0.68 ,0.62 ,11 ,9.68 
395,20190200207,DXC,DXC Technology Company,Dec 2018,2.23 ,2.04 ,8 ,9.31 
396,20190200207,ESE,ESCO Technologies Inc.,Dec 2018,0.47 ,0.43 ,1 ,9.3 
397,20190200207,OCSL,Oaktree Specialty Lending Corporation,Dec 2018,0.12 ,0.11 ,3 ,9.09 
398,20190200207,TMUS,"T-Mobile US, Inc.",Dec 2018,0.75 ,0.69 ,14 ,8.7 
399,20190200207,EEFT,"Euronet Worldwide, Inc.",Dec 2018,1.31 ,1.21 ,6 ,8.26 
400,20190200207,ALNY,"Alnylam Pharmaceuticals, Inc.",Dec 2018,-2.09 ,-2.27 ,5 ,7.93 
401,20190200207,PM,Philip Morris International Inc,Dec 2018,1.25 ,1.16 ,8 ,7.76 
402,20190200207,MMS,"Maximus, Inc.",Dec 2018,0.86 ,0.8 ,5 ,7.5 
403,20190200207,PENN,"Penn National Gaming, Inc.",Dec 2018,-0.37 ,-0.4 ,5 ,7.5 
404,20190200207,G,Genpact Limited,Dec 2018,0.45 ,0.42 ,6 ,7.14 
405,20190200207,BECN,"Beacon Roofing Supply, Inc.",Dec 2018,0.6 ,0.56 ,11 ,7.14 
406,20190200207,PRI,"Primerica, Inc.",Dec 2018,2.01 ,1.89 ,2 ,6.35 
407,20190200207,SWI,SolarWinds Corporation,Dec 2018,0.17 ,0.16 ,6 ,6.25 
408,20190200207,FTV,Fortive Corporation,Dec 2018,0.91 ,0.86 ,8 ,5.81 
409,20190200207,MSI,"Motorola Solutions, Inc.",Dec 2018,2.54 ,2.41 ,5 ,5.39 
410,20190200207,IAC,IAC/InterActiveCorp,Dec 2018,1.03 ,0.99 ,7 ,4.04 
411,20190200207,K,Kellogg Company,Dec 2018,0.91 ,0.88 ,7 ,3.41 
412,20190200207,TBI,"TrueBlue, Inc.",Dec 2018,0.61 ,0.59 ,2 ,3.39 
413,20190200207,PRLB,"Proto Labs, Inc.",Dec 2018,0.71 ,0.69 ,1 ,2.9 
414,20190200207,PBH,Prestige Consumer Healthcare Inc.,Dec 2018,0.73 ,0.71 ,3 ,2.82 
415,20190200207,USX,"U.S. Xpress Enterprises, Inc.",Dec 2018,0.39 ,0.38 ,3 ,2.63 
416,20190200207,RSG,"Republic Services, Inc.",Dec 2018,0.8 ,0.78 ,4 ,2.56 
417,20190200207,ICE,Intercontinental Exchange Inc.,Dec 2018,0.94 ,0.92 ,6 ,2.17 
418,20190200207,HBI,Hanesbrands Inc.,Dec 2018,0.48 ,0.47 ,6 ,2.13 
419,20190200207,TSN,"Tyson Foods, Inc.",Dec 2018,1.58 ,1.55 ,3 ,1.94 
420,20190200207,OMCL,"Omnicell, Inc.",Dec 2018,0.55 ,0.54 ,4 ,1.85 
421,20190200207,MTD,"Mettler-Toledo International, Inc.",Dec 2018,6.85 ,6.74 ,7 ,1.63 
422,20190200207,SNY,Sanofi,Dec 2018,0.63 ,0.62 ,3 ,1.61 
423,20190200207,MHK,"Mohawk Industries, Inc.",Dec 2018,2.53 ,2.49 ,9 ,1.61 
424,20190200207,LH,Laboratory Corporation of America Holdings,Dec 2018,2.52 ,2.48 ,10 ,1.61 
425,20190200207,BCE,"BCE, Inc.",Dec 2018,0.67 ,0.66 ,6 ,1.52 
426,20190200207,VIRT,"Virtu Financial, Inc.",Dec 2018,0.67 ,0.66 ,1 ,1.52 
427,20190200207,ATGE,Adtalem Global Education Inc.,Dec 2018,0.74 ,0.73 ,4 ,1.37 
428,20190200207,EHC,Encompass Health Corporation,Dec 2018,0.8 ,0.79 ,8 ,1.27 
429,20190200207,MD,"Mednax, Inc",Dec 2018,0.84 ,0.83 ,9 ,1.2 
430,20190200207,NCR,NCR Corporation,Dec 2018,0.84 ,0.83 ,5 ,1.2 
431,20190200207,WTS,"Watts Water Technologies, Inc.",Dec 2018,0.88 ,0.87 ,9 ,1.15 
432,20190200207,SPGI,S&P Global Inc.,Dec 2018,2.22 ,2.2 ,5 ,0.91 
433,20190200207,ARW,"Arrow Electronics, Inc.",Dec 2018,2.57 ,2.56 ,5 ,0.39 
434,20190200207,ADS,Alliance Data Systems Corporation,Dec 2018,6.8 ,6.78 ,4 ,0.29 
435,20190200207,DHX,"DHI Group, Inc.",Dec 2018,0.06 ,0.06 ,1 ,0 
436,20190200207,WU,Western Union Company (The),Dec 2018,0.49 ,0.49 ,8 ,0 
437,20190200207,CBL,"CBL & Associates Properties, Inc.",Dec 2018,0.45 ,0.45 ,7 ,0 
438,20190200207,FISV,"Fiserv, Inc.",Dec 2018,0.84 ,0.84 ,8 ,0 
439,20190200207,SNA,Snap-On Incorporated,Dec 2018,3.03 ,3.03 ,4 ,0 
440,20190200207,CDR,"Cedar Realty Trust, Inc.",Dec 2018,0.13 ,0.13 ,3 ,0 
441,20190200207,MNR,Monmouth Real Estate Investment Corporation,Dec 2018,0.23 ,0.23 ,3 ,0 
442,20190200207,MPW,"Medical Properties Trust, Inc.",Dec 2018,0.31 ,0.31 ,9 ,0 
443,20190200207,RMR,The RMR Group Inc.,Dec 2018,3.22 ,3.22 ,2 ,0 
444,20190200207,OCSI,Oaktree Strategic Income Corporation,Dec 2018,0.17 ,0.17 ,1 ,0 
445,20190200207,OFC,Corporate Office Properties Trust,Dec 2018,0.5 ,0.5 ,9 ,0 
446,20190200207,AHH,"Armada Hoffler Properties, Inc.",Dec 2018,0.3 ,0.3 ,6 ,0 
447,20190200207,CRWS,"Crown Crafts, Inc.",Dec 2018,0.15 ,0.15 ,1 ,0 
448,20190200207,AXGT,Axovant Sciences Ltd.,Dec 2018,-0.27 ,-0.27 ,5 ,0 
449,20190200207,MAC,Macerich Company (The),Dec 2018,1.09 ,1.09 ,7 ,0 
450,20190200207,CCS,"Century Communities, Inc.",Dec 2018,1.11 ,1.12 ,3 ,-0.89 
451,20190200207,TKR,Timken Company (The),Dec 2018,1 ,1.01 ,3 ,-0.99 
452,20190200207,DTE,DTE Energy Company,Dec 2018,0.91 ,0.92 ,3 ,-1.09 
453,20190200207,WLTW,Willis Towers Watson Public Limited Company,Dec 2018,4 ,4.06 ,11 ,-1.48 
454,20190200207,TPR,"Tapestry, Inc.",Dec 2018,1.07 ,1.11 ,12 ,-3.6 
455,20190200207,TOT,Total S.A.,Dec 2018,1.17 ,1.22 ,3 ,-4.1 
456,20190200207,PAG,"Penske Automotive Group, Inc.",Dec 2018,1.11 ,1.16 ,4 ,-4.31 
457,20190200207,VRTU,Virtusa Corporation,Dec 2018,0.4 ,0.42 ,2 ,-4.76 
458,20190200207,MYOV,Myovant Sciences Ltd.,Dec 2018,-1.04 ,-0.99 ,3 ,-5.05 
459,20190200207,ANDX,Andeavor Logistics LP,Dec 2018,0.66 ,0.73 ,6 ,-9.59 
460,20190200207,PNNT,PennantPark Investment Corporation,Dec 2018,0.18 ,0.2 ,4 ,-10 
461,20190200207,ZAYO,"Zayo Group Holdings, Inc.",Dec 2018,0.13 ,0.15 ,9 ,-13.33 
462,20190200207,QNST,"QuinStreet, Inc.",Dec 2018,0.06 ,0.07 ,3 ,-14.29 
463,20190200207,LCII,LCI Industries ,Dec 2018,0.82 ,0.97 ,2 ,-15.46 
464,20190200207,WMS,"Advanced Drainage Systems, Inc.",Dec 2018,0.25 ,0.31 ,1 ,-19.35 
465,20190200207,BR,"Broadridge Financial Solutions, Inc.",Dec 2018,0.56 ,0.71 ,3 ,-21.13 
466,20190200207,AVXL,Anavex Life Sciences Corp.,Dec 2018,-0.16 ,-0.13 ,2 ,-23.08 
467,20190200207,PJT,PJT Partners Inc.,Dec 2018,0.6 ,0.78 ,1 ,-23.08 
468,20190200207,MPLX,MPLX LP,Dec 2018,0.52 ,0.68 ,5 ,-23.53 
469,20190200207,TWST,Twist Bioscience Corporation,Dec 2018,-1.18 ,-0.89 ,2 ,-32.58 
470,20190200207,ADNT,Adient plc,Dec 2018,0.31 ,0.48 ,6 ,-35.42 
471,20190200207,MOBL,"MobileIron, Inc.",Dec 2018,-0.07 ,-0.05 ,3 ,-40 
472,20190200207,SPH,"Suburban Propane Partners, L.P.",Dec 2018,0.45 ,0.75 ,3 ,-40 
473,20190200207,FFG,"FBL Financial Group, Inc.",Dec 2018,0.75 ,1.33 ,2 ,-43.61 
474,20190200207,HAIN,"The Hain Celestial Group, Inc.",Dec 2018,0.14 ,0.26 ,7 ,-46.15 
475,20190200207,SGEN,"Seattle Genetics, Inc.",Dec 2018,-0.57 ,-0.39 ,8 ,-46.15 
476,20190200207,MEIP,"MEI Pharma, Inc.",Dec 2018,-0.15 ,-0.1 ,5 ,-50 
477,20190200207,CSS,"CSS Industries, Inc.",Dec 2018,0.74 ,1.61 ,1 ,-54.04 
478,20190200207,YUM,"Yum! Brands, Inc.",Dec 2018,0.4 ,0.97 ,10 ,-58.76 
479,20190200207,BV,"BrightView Holdings, Inc.",Dec 2018,0.05 ,0.13 ,2 ,-61.54 
480,20190200207,TTM,Tata Motors Ltd,Dec 2018,0.17 ,0.48 ,1 ,-64.58 
481,20190200207,GRUB,GrubHub Inc.,Dec 2018,0.04 ,0.16 ,10 ,-75 
482,20190200207,ARWR,"Arrowhead Pharmaceuticals, Inc.",Dec 2018,0.13 ,0.76 ,4 ,-82.89 
483,20190200207,AYTU,"Aytu BioScience, Inc.",Dec 2018,-0.72 ,-0.35 ,1 ,-105.71 
484,20190200207,SPB,"Spectrum Brands Holdings, Inc.",Dec 2018,-0.2 ,0.4 ,4 ,-150 
485,20190200207,TIGO,Millicom International Cellular S.A.,Dec 2018,-0.9 ,0.35 ,1 ,-357.14 
486,20190200207,UEPS,"Net 1 UEPS Technologies, Inc.",Dec 2018,-1.12 ,-0.24 ,1 ,-366.67 
487,20190200207,VVI,Viad Corp,Dec 2018,-0.09 ,-0.01 ,2 ,-800 
488,20190200208,CCJ,Cameco Corporation,Dec 2018,0.39 ,0.19 ,1 ,105.26 
489,20190200208,CEIX,CNX Resources Corporation,Dec 2018,1.41 ,0.76 ,3 ,85.53 
490,20190200208,PSX,Phillips 66,Dec 2018,4.87 ,2.76 ,9 ,76.45 
491,20190200208,UBNT,"Ubiquiti Networks, Inc.",Dec 2018,1.32 ,0.82 ,1 ,60.98 
492,20190200208,BPL,Buckeye Partners L.P.,Dec 2018,0.9 ,0.69 ,6 ,30.43 
493,20190200208,CCR,CONSOL Coal Resources LP,Dec 2018,0.59 ,0.48 ,2 ,22.92 
494,20190200208,ESNT,Essent Group Ltd.,Dec 2018,1.39 ,1.15 ,3 ,20.87 
495,20190200208,PDVW,"pdvWireless, Inc.",Dec 2018,-0.54 ,-0.64 ,1 ,15.63 
496,20190200208,IMGN,"ImmunoGen, Inc.",Dec 2018,-0.28 ,-0.33 ,8 ,15.15 
497,20190200208,CBOE,"Cboe Global Markets, Inc.",Dec 2018,1.54 ,1.35 ,6 ,14.07 
498,20190200208,TOO,Teekay Offshore Partners L.P.,Dec 2018,0.26 ,0.23 ,1 ,13.04 
499,20190200208,ARNC,Arconic Inc.,Dec 2018,0.33 ,0.3 ,4 ,10 
500,20190200208,COTY,Coty Inc.,Dec 2018,0.24 ,0.22 ,8 ,9.09 
501,20190200208,RDN,Radian Group Inc.,Dec 2018,0.7 ,0.66 ,3 ,6.06 
502,20190200208,UNVR,Univar Inc.,Dec 2018,0.33 ,0.32 ,5 ,3.13 
503,20190200208,PSXP,Phillips 66 Partners LP,Dec 2018,1.09 ,1.07 ,7 ,1.87 
504,20190200208,EAF,GrafTech International Ltd.,Dec 2018,0.79 ,0.78 ,1 ,1.28 
505,20190200208,VTR,"Ventas, Inc.",Dec 2018,0.96 ,0.95 ,10 ,1.05 
506,20190200208,EXC,Exelon Corporation,Dec 2018,0.58 ,0.58 ,7 ,0 
507,20190200208,CLF,Cleveland-Cliffs Inc.,Dec 2018,0.55 ,0.57 ,5 ,-3.51 
508,20190200208,TGE,"Tallgrass Energy, LP",Dec 2018,0.38 ,0.42 ,4 ,-9.52 
509,20190200208,CAE,CAE Inc,Dec 2018,0.22 ,0.25 ,3 ,-12 
510,20190200208,GT,The Goodyear Tire & Rubber Company,Dec 2018,0.51 ,0.6 ,5 ,-15 
511,20190200208,HAS,"Hasbro, Inc.",Dec 2018,1.33 ,1.68 ,6 ,-20.83 
512,20190200208,ROX,"Castle Brands, Inc.",Dec 2018,0 ,0.01 ,2 ,-100 
513,20190200211,ARGO,"Argo Group International Holdings, Ltd.",Dec 2018,0.55 ,0.06 ,3 ,816.67 
514,20190200211,NGL,NGL ENERGY PARTNERS LP,Dec 2018,0.64 ,0.11 ,4 ,481.82 
515,20190200211,DCP,DCP Midstream LP,Dec 2018,1.08 ,0.38 ,6 ,184.21 
516,20190200211,MOH,Molina Healthcare Inc,Dec 2018,3.88 ,1.52 ,9 ,155.26 
517,20190200211,RNG,"Ringcentral, Inc.",Dec 2018,0.01 ,-0.04 ,11 ,125 
518,20190200211,VRNS,"Varonis Systems, Inc.",Dec 2018,0.2 ,0.09 ,3 ,122.22 
519,20190200211,PRCP,"Perceptron, Inc.",Dec 2018,0.11 ,0.06 ,1 ,83.33 
520,20190200211,AMKR,"Amkor Technology, Inc.",Dec 2018,0.12 ,0.08 ,1 ,50 
521,20190200211,RAMP,"LiveRamp Holdings, Inc.",Dec 2018,-0.24 ,-0.38 ,1 ,36.84 
522,20190200211,RLGT,"Radiant Logistics, Inc.",Dec 2018,0.16 ,0.12 ,1 ,33.33 
523,20190200211,CHGG,"Chegg, Inc.",Dec 2018,0.13 ,0.1 ,5 ,30 
524,20190200211,RICK,"RCI Hospitality Holdings, Inc.",Dec 2018,0.61 ,0.47 ,1 ,29.79 
525,20190200211,GFN,General Finance Corporation,Dec 2018,0.14 ,0.11 ,2 ,27.27 
526,20190200211,MCC,Medley Capital Corporation,Dec 2018,0.05 ,0.04 ,2 ,25 
527,20190200211,SBLK,Star Bulk Carriers Corp.,Dec 2018,0.33 ,0.27 ,5 ,22.22 
528,20190200211,RE,"Everest Re Group, Ltd.",Dec 2018,-5.89 ,-7.54 ,3 ,21.88 
529,20190200211,MAMS,"MAM Software Group, Inc.",Dec 2018,0.06 ,0.05 ,1 ,20 
530,20190200211,OMAB,Grupo Aeroportuario del Centro Norte S.A.B. de C.V.,Dec 2018,0.84 ,0.7 ,1 ,20 
531,20190200211,KMPR,Kemper Corporation,Dec 2018,0.91 ,0.77 ,1 ,18.18 
532,20190200211,TIER,"TIER REIT, Inc.",Dec 2018,0.42 ,0.37 ,3 ,13.51 
533,20190200211,NWE,NorthWestern Corporation,Dec 2018,1.07 ,0.96 ,3 ,11.46 
534,20190200211,NSP,"Insperity, Inc.",Dec 2018,0.59 ,0.54 ,3 ,9.26 
535,20190200211,OMF,"OneMain Holdings, Inc.",Dec 2018,1.39 ,1.33 ,7 ,4.51 
536,20190200211,BRS,Bristow Group Inc,Dec 2018,-0.57 ,-0.59 ,1 ,3.39 
537,20190200211,EARN,Ellington Residential Mortgage REIT,Dec 2018,0.32 ,0.31 ,1 ,3.23 
538,20190200211,FMC,FMC Corporation,Dec 2018,1.69 ,1.65 ,2 ,2.42 
539,20190200211,QSR,Restaurant Brands International Inc.,Dec 2018,0.68 ,0.67 ,7 ,1.49 
540,20190200211,AMBR,"Amber Road, Inc.",Dec 2018,-0.09 ,-0.09 ,1 ,0 
541,20190200211,LTHM,Livent Corporation,Dec 2018,0.23 ,0.23 ,1 ,0 
542,20190200211,BRKR,Bruker Corporation,Dec 2018,0.54 ,0.54 ,7 ,0 
543,20190200211,TYME,"Tyme Technologies, Inc.",Dec 2018,-0.08 ,-0.08 ,1 ,0 
544,20190200211,STE,STERIS plc,Dec 2018,1.26 ,1.26 ,3 ,0 
545,20190200211,GPP,Green Plains Partners LP,Dec 2018,0.41 ,0.41 ,2 ,0 
546,20190200211,OHI,"Omega Healthcare Investors, Inc.",Dec 2018,0.73 ,0.74 ,4 ,-1.35 
547,20190200211,VECO,Veeco Instruments Inc.,Dec 2018,-0.24 ,-0.23 ,2 ,-4.35 
548,20190200211,DO,"Diamond Offshore Drilling, Inc.",Dec 2018,-0.42 ,-0.4 ,7 ,-5 
549,20190200211,MPAA,"Motorcar Parts of America, Inc.",Dec 2018,0.31 ,0.33 ,2 ,-6.06 
550,20190200211,BRX,Brixmor Property Group Inc.,Dec 2018,0.4 ,0.43 ,7 ,-6.98 
551,20190200211,VNO,Vornado Realty Trust,Dec 2018,0.9 ,0.97 ,8 ,-7.22 
552,20190200211,AVYA,Avaya Holdings Corp.,Dec 2018,0.79 ,0.87 ,3 ,-9.2 
553,20190200211,ELVT,"Elevate Credit, Inc.",Dec 2018,0.09 ,0.1 ,2 ,-10 
554,20190200211,BHF,"Brighthouse Financial, Inc.",Dec 2018,1.56 ,1.74 ,5 ,-10.34 
555,20190200211,AIN,Albany International Corporation,Dec 2018,0.54 ,0.63 ,1 ,-14.29 
556,20190200211,CMP,"Compass Minerals International, Inc.",Dec 2018,1.41 ,1.8 ,2 ,-21.67 
557,20190200211,ICBK,"County Bancorp, Inc.",Dec 2018,0.4 ,0.53 ,3 ,-24.53 
558,20190200211,L,Loews Corporation,Dec 2018,0.36 ,0.53 ,2 ,-32.08 
559,20190200211,AMRK,"A-Mark Precious Metals, Inc.",Dec 2018,0.08 ,0.12 ,1 ,-33.33 
560,20190200211,ROAD,"Construction Partners, Inc.",Dec 2018,0.1 ,0.15 ,3 ,-33.33 
561,20190200211,LABL,Multi-Color Corporation,Dec 2018,0.5 ,0.78 ,2 ,-35.9 
562,20190200211,INSE,"Inspired Entertainment, Inc.",Dec 2018,-0.23 ,-0.15 ,2 ,-53.33 
563,20190200211,AEMD,"Aethlon Medical, Inc.",Dec 2018,-0.11 ,-0.07 ,2 ,-57.14 
564,20190200211,PACB,"Pacific Biosciences of California, Inc.",Dec 2018,-0.21 ,-0.13 ,2 ,-61.54 
565,20190200211,MGI,"Moneygram International, Inc.",Dec 2018,-0.02 ,-0.01 ,1 ,-100 
566,20190200211,TMQ,Trilogy Metals Inc.,Nov 2018,-0.04 ,-0.02 ,1 ,-100 
567,20190200211,CNA,CNA Financial Corporation,Dec 2018,-0.08 ,0.81 ,4 ,-109.88 
568,20190200211,MCY,Mercury General Corporation,Dec 2018,-0.26 ,0.74 ,1 ,-135.14 
569,20190200211,FARM,Farmer Brothers Company,Dec 2018,-0.12 ,0.02 ,2 ,-700 
570,20190200211,GPRE,"Green Plains, Inc.",Dec 2018,-0.96 ,-0.07 ,1 ,-1271.43 
571,20190200212,KMDA,Kamada Ltd.,Dec 2018,0.44 ,0.15 ,2 ,193.33 
572,20190200212,AZRE,Azure Power Global Limited,Dec 2018,0.05 ,-0.12 ,1 ,141.67 
573,20190200212,UAA,"Under Armour, Inc.",Dec 2018,0.09 ,0.04 ,16 ,125 
574,20190200212,CSOD,"Cornerstone OnDemand, Inc.",Dec 2018,0 ,-0.01 ,4 ,100 
575,20190200212,SHOP,Shopify Inc.,Dec 2018,-0.01 ,-0.06 ,9 ,83.33 
576,20190200212,AIZ,"Assurant, Inc.",Dec 2018,0.77 ,0.46 ,2 ,67.39 
577,20190200212,MDSO,"Medidata Solutions, Inc.",Dec 2018,0.26 ,0.16 ,7 ,62.5 
578,20190200212,QLYS,"Qualys, Inc.",Dec 2018,0.39 ,0.25 ,2 ,56 
579,20190200212,EXEL,"Exelixis, Inc.",Dec 2018,0.37 ,0.25 ,7 ,48 
580,20190200212,UIS,Unisys Corporation,Dec 2018,0.97 ,0.66 ,2 ,46.97 
581,20190200212,ONDK,"On Deck Capital, Inc.",Dec 2018,0.17 ,0.12 ,1 ,41.67 
582,20190200212,GTES,Gates Industrial Corporation plc,Dec 2018,0.36 ,0.27 ,3 ,33.33 
583,20190200212,SPSC,"SPS Commerce, Inc.",Dec 2018,0.44 ,0.33 ,5 ,33.33 
584,20190200212,LIVX,"LiveXLive Media, Inc.",Dec 2018,-0.13 ,-0.19 ,2 ,31.58 
585,20190200212,JLL,Jones Lang LaSalle Incorporated,Dec 2018,5.99 ,4.74 ,4 ,26.37 
586,20190200212,ACGL,Arch Capital Group Ltd.,Dec 2018,0.46 ,0.37 ,6 ,24.32 
587,20190200212,HUBS,"HubSpot, Inc.",Dec 2018,-0.13 ,-0.17 ,9 ,23.53 
588,20190200212,VTGN,"VistaGen Therapeutics, Inc.",Dec 2018,-0.24 ,-0.3 ,1 ,20 
589,20190200212,SABR,Sabre Corporation,Dec 2018,0.33 ,0.28 ,4 ,17.86 
590,20190200212,RM,Regional Management Corp.,Dec 2018,0.9 ,0.79 ,2 ,13.92 
591,20190200212,AKAM,"Akamai Technologies, Inc.",Dec 2018,0.85 ,0.77 ,10 ,10.39 
592,20190200212,ARCC,Ares Capital Corporation,Dec 2018,0.45 ,0.41 ,9 ,9.76 
593,20190200212,RDCM,Radcom Ltd.,Dec 2018,-0.3 ,-0.33 ,1 ,9.09 
594,20190200212,OXY,Occidental Petroleum Corporation,Dec 2018,1.22 ,1.12 ,10 ,8.93 
595,20190200212,TAP,Molson Coors Brewing  Company,Dec 2018,0.84 ,0.78 ,6 ,7.69 
596,20190200212,BFAM,Bright Horizons Family Solutions Inc.,Dec 2018,0.85 ,0.79 ,1 ,7.59 
597,20190200212,SHO,"Sunstone Hotel Investors, Inc.",Dec 2018,0.29 ,0.27 ,9 ,7.41 
598,20190200212,REXR,"Rexford Industrial Realty, Inc.",Dec 2018,0.29 ,0.27 ,7 ,7.41 
599,20190200212,OMC,Omnicom Group Inc.,Dec 2018,1.77 ,1.66 ,2 ,6.63 
600,20190200212,NRZ,New Residential Investment Corp.,Dec 2018,0.58 ,0.55 ,3 ,5.45 
601,20190200212,JCOM,"j2 Global, Inc.",Dec 2018,1.99 ,1.89 ,4 ,5.29 
602,20190200212,NMRK,"Newmark Group, Inc.",Dec 2018,0.45 ,0.43 ,3 ,4.65 
603,20190200212,RPAI,"Retail Properties of America, Inc.",Dec 2018,0.26 ,0.25 ,5 ,4 
604,20190200212,AVLR,"Avalara, Inc.",Dec 2018,-0.26 ,-0.27 ,2 ,3.7 
605,20190200212,RRR,"Red Rock Resorts, Inc.",Dec 2018,0.3 ,0.29 ,5 ,3.45 
606,20190200212,ATVI,"Activision Blizzard, Inc",Dec 2018,1.24 ,1.21 ,9 ,2.48 
607,20190200212,NMIH,NMI Holdings Inc,Dec 2018,0.46 ,0.45 ,3 ,2.22 
608,20190200212,UDR,"UDR, Inc.",Dec 2018,0.5 ,0.49 ,11 ,2.04 
609,20190200212,BXMT,"Capital Trust, Inc.",Dec 2018,0.63 ,0.62 ,3 ,1.61 
610,20190200212,WEC,"WEC Energy Group, Inc.",Dec 2018,0.65 ,0.64 ,4 ,1.56 
611,20190200212,NNN,National Retail Properties,Dec 2018,0.65 ,0.64 ,9 ,1.56 
612,20190200212,FIS,"Fidelity National Information Services, Inc.",Dec 2018,1.6 ,1.58 ,11 ,1.27 
613,20190200212,TGB,Taseko Mines Limited,Dec 2018,-0.01 ,-0.01 ,2 ,0 
614,20190200212,SANW,S&W Seed Company,Dec 2018,-0.07 ,-0.07 ,2 ,0 
615,20190200212,FSP,Franklin Street Properties Corp.,Dec 2018,0.23 ,0.23 ,4 ,0 
616,20190200212,DEI,"Douglas Emmett, Inc.",Dec 2018,0.52 ,0.52 ,8 ,0 
617,20190200212,DENN,Denny's Corporation,Dec 2018,0.18 ,0.18 ,1 ,0 
618,20190200212,PTN,"Palatin Technologies, Inc.",Dec 2018,-0.02 ,-0.02 ,1 ,0 
619,20190200212,AAT,"American Assets Trust, Inc.",Dec 2018,0.47 ,0.47 ,3 ,0 
620,20190200212,ISR,"IsoRay, Inc.",Dec 2018,-0.02 ,-0.02 ,1 ,0 
621,20190200212,CPSS,"Consumer Portfolio Services, Inc.",Dec 2018,0.13 ,0.13 ,2 ,0 
622,20190200212,WELL,Welltower Inc.,Dec 2018,1.01 ,1.03 ,12 ,-1.94 
623,20190200212,IPGP,IPG Photonics Corporation,Dec 2018,1.4 ,1.43 ,5 ,-2.1 
624,20190200212,MLM,"Martin Marietta Materials, Inc.",Dec 2018,1.66 ,1.71 ,6 ,-2.92 
625,20190200212,MPWR,"Monolithic Power Systems, Inc.",Dec 2018,0.66 ,0.68 ,7 ,-2.94 
626,20190200212,IRTC,"iRhythm Technologies, Inc.",Dec 2018,-0.48 ,-0.46 ,4 ,-4.35 
627,20190200212,AYR,Aircastle Limited,Dec 2018,1.35 ,1.42 ,1 ,-4.93 
628,20190200212,HUN,Huntsman Corporation,Dec 2018,0.52 ,0.55 ,6 ,-5.45 
629,20190200212,USFD,US Foods Holding Corp.,Dec 2018,0.56 ,0.6 ,4 ,-6.67 
630,20190200212,NP,"Neenah, Inc.",Dec 2018,0.53 ,0.62 ,1 ,-14.52 
631,20190200212,ATOM,Atomera Incorporated,Dec 2018,-0.22 ,-0.19 ,1 ,-15.79 
632,20190200212,LSCC,Lattice Semiconductor Corporation,Dec 2018,0.05 ,0.06 ,3 ,-16.67 
633,20190200212,TRIP,"TripAdvisor, Inc.",Dec 2018,0.12 ,0.15 ,9 ,-20 
634,20190200212,GRPN,"Groupon, Inc.",Dec 2018,0.08 ,0.1 ,5 ,-20 
635,20190200212,AMX,"America Movil, S.A.B. de C.V.",Dec 2018,0.15 ,0.22 ,2 ,-31.82 
636,20190200212,CNO,"CNO Financial Group, Inc.",Dec 2018,0.36 ,0.53 ,3 ,-32.08 
637,20190200212,CPAC,Cementos Pacasmayo S.A.A.,Dec 2018,0.08 ,0.12 ,1 ,-33.33 
638,20190200212,TOWR,"Tower International, Inc.",Dec 2018,0.74 ,1.12 ,4 ,-33.93 
639,20190200212,TWLO,Twilio Inc.,Dec 2018,-0.27 ,-0.17 ,10 ,-58.82 
640,20190200212,KRNT,Kornit Digital Ltd.,Dec 2018,0.04 ,0.1 ,2 ,-60 
641,20190200212,QUOT,Quotient Technology Inc.,Dec 2018,-0.03 ,-0.01 ,2 ,-200 
642,20190200212,CRAY,Cray Inc,Dec 2018,-0.22 ,-0.07 ,2 ,-214.29 
643,20190200212,AQ,Aquantia Corp.,Dec 2018,-0.16 ,-0.05 ,4 ,-220 
644,20190200213,VNDA,Vanda Pharmaceuticals Inc.,Dec 2018,0.19 ,-0.03 ,2 ,733.33 
645,20190200213,GG,Goldcorp Inc.,Dec 2018,0.07 ,0.02 ,6 ,250 
646,20190200213,ECOM,ChannelAdvisor Corporation,Dec 2018,0.04 ,-0.04 ,5 ,200 
647,20190200213,MCHX,"Marchex, Inc.",Dec 2018,0.01 ,-0.01 ,2 ,200 
648,20190200213,H,Hyatt Hotels Corporation,Dec 2018,0.62 ,0.22 ,10 ,181.82 
649,20190200213,OII,"Oceaneering International, Inc.",Dec 2018,0.07 ,-0.24 ,8 ,129.17 
650,20190200213,JMP,JMP Group LLC,Dec 2018,0.12 ,0.06 ,1 ,100 
651,20190200213,IRWD,"Ironwood Pharmaceuticals, Inc.",Dec 2018,-0.02 ,-0.17 ,6 ,88.24 
652,20190200213,TMHC,Taylor Morrison Home Corporation,Dec 2018,0.86 ,0.46 ,5 ,86.96 
653,20190200213,BAND,Bandwidth Inc.,Dec 2018,-0.09 ,-0.32 ,3 ,71.88 
654,20190200213,IVC,Invacare Corporation,Dec 2018,-0.16 ,-0.39 ,1 ,58.97 
655,20190200213,YELP,Yelp Inc.,Dec 2018,0.2 ,0.13 ,5 ,53.85 
656,20190200213,BCOV,Brightcove Inc.,Dec 2018,-0.04 ,-0.08 ,4 ,50 
657,20190200213,CBZ,"CBIZ, Inc.",Dec 2018,-0.02 ,-0.04 ,2 ,50 
658,20190200213,NVMI,Nova Measuring Instruments Ltd.,Dec 2018,0.55 ,0.38 ,1 ,44.74 
659,20190200213,CRTO,Criteo S.A.,Dec 2018,0.71 ,0.51 ,6 ,39.22 
660,20190200213,QDEL,Quidel Corporation,Dec 2018,0.75 ,0.54 ,3 ,38.89 
661,20190200213,QTWO,"Q2 Holdings, Inc.",Dec 2018,-0.11 ,-0.18 ,7 ,38.89 
662,20190200213,NGVT,Ingevity Corporation,Dec 2018,1.07 ,0.78 ,4 ,37.18 
663,20190200213,TMDI,Titan Medical Inc.,Dec 2018,-0.41 ,-0.65 ,1 ,36.92 
664,20190200213,CIDM,Cinedigm Corp,Dec 2018,-0.09 ,-0.14 ,2 ,35.71 
665,20190200213,AR,Antero Resources Corporation,Dec 2018,0.42 ,0.31 ,8 ,35.48 
666,20190200213,SPWR,SunPower Corporation,Dec 2018,-0.25 ,-0.38 ,3 ,34.21 
667,20190200213,EQC,Equity Commonwealth,Dec 2018,0.21 ,0.16 ,2 ,31.25 
668,20190200213,RUSHA,"Rush Enterprises, Inc.",Dec 2018,1.2 ,0.92 ,2 ,30.43 
669,20190200213,PERI,Perion Network Ltd,Dec 2018,0.19 ,0.15 ,1 ,26.67 
670,20190200213,VERU,Veru Inc.,Dec 2018,-0.03 ,-0.04 ,2 ,25 
671,20190200213,AM,Antero Midstream Partners LP,Dec 2018,0.53 ,0.43 ,6 ,23.26 
672,20190200213,BKD,Brookdale Senior Living Inc.,Dec 2018,-0.21 ,-0.27 ,1 ,22.22 
673,20190200213,KAI,Kadant Inc,Dec 2018,1.66 ,1.36 ,3 ,22.06 
674,20190200213,UROV,Urovant Sciences Ltd.,Dec 2018,-0.87 ,-1.09 ,3 ,20.18 
675,20190200213,MRO,Marathon Oil Corporation,Dec 2018,0.15 ,0.13 ,11 ,15.38 
676,20190200213,EQIX,"Equinix, Inc.",Dec 2018,5.13 ,4.47 ,6 ,14.77 
677,20190200213,HLT,Hilton Worldwide Holdings Inc.,Dec 2018,0.79 ,0.69 ,9 ,14.49 
678,20190200213,SNBR,Sleep Number Corporation,Dec 2018,0.81 ,0.72 ,7 ,12.5 
679,20190200213,IPG,"Interpublic Group of Companies, Inc. (The)",Dec 2018,0.89 ,0.81 ,2 ,9.88 
680,20190200213,CFX,Colfax Corporation,Dec 2018,0.69 ,0.63 ,10 ,9.52 
681,20190200213,PGRE,"Paramount Group, Inc.",Dec 2018,0.25 ,0.23 ,4 ,8.7 
682,20190200213,CXP,"Columbia Property Trust, Inc.",Dec 2018,0.4 ,0.37 ,2 ,8.11 
683,20190200213,MGM,MGM Resorts International,Dec 2018,0.14 ,0.13 ,7 ,7.69 
684,20190200213,CRL,"Charles River Laboratories International, Inc.",Dec 2018,1.49 ,1.39 ,10 ,7.19 
685,20190200213,CBRE,"CBRE Group, Inc.",Dec 2018,1.21 ,1.13 ,4 ,7.08 
686,20190200213,HOS,Hornbeck Offshore Services,Dec 2018,-0.79 ,-0.85 ,1 ,7.06 
687,20190200213,CAMT,Camtek Ltd.,Dec 2018,0.16 ,0.15 ,2 ,6.67 
688,20190200213,LXFT,"Luxoft Holding, Inc.",Dec 2018,0.49 ,0.46 ,2 ,6.52 
689,20190200213,GPN,Global Payments Inc.,Dec 2018,1.33 ,1.25 ,11 ,6.4 
690,20190200213,LAD,"Lithia Motors, Inc.",Dec 2018,2.57 ,2.42 ,3 ,6.2 
691,20190200213,WH,"Wyndham Hotels & Resorts, Inc.",Dec 2018,0.58 ,0.55 ,5 ,5.45 
692,20190200213,BKI,"Black Knight, Inc.",Dec 2018,0.42 ,0.4 ,7 ,5 
693,20190200213,DIOD,Diodes Incorporated,Dec 2018,0.65 ,0.62 ,1 ,4.84 
694,20190200213,ARI,Apollo Commercial Real Estate Finance,Dec 2018,0.45 ,0.43 ,2 ,4.65 
695,20190200213,REG,Regency Centers Corporation,Dec 2018,0.98 ,0.94 ,10 ,4.26 
696,20190200213,TEVA,Teva Pharmaceutical Industries Limited,Dec 2018,0.55 ,0.53 ,6 ,3.77 
697,20190200213,NLY,Annaly Capital Management Inc,Dec 2018,0.29 ,0.28 ,2 ,3.57 
698,20190200213,CIM,Chimera Investment Corporation,Dec 2018,0.58 ,0.56 ,2 ,3.57 
699,20190200213,SLF,Sun Life Financial Inc.,Dec 2018,0.9 ,0.87 ,4 ,3.45 
700,20190200213,FLIR,"FLIR Systems, Inc.",Dec 2018,0.62 ,0.6 ,6 ,3.33 
701,20190200213,WCN,"Waste Connections, Inc.",Dec 2018,0.63 ,0.61 ,6 ,3.28 
702,20190200213,SKT,"Tanger Factory Outlet Centers, Inc.",Dec 2018,0.64 ,0.62 ,3 ,3.23 
703,20190200213,CSCO,"Cisco Systems, Inc.",Jan 2019,0.67 ,0.65 ,10 ,3.08 
704,20190200213,CTL,"CenturyLink, Inc.",Dec 2018,0.37 ,0.36 ,7 ,2.78 
705,20190200213,GLPI,"Gaming and Leisure Properties, Inc.",Dec 2018,0.84 ,0.82 ,3 ,2.44 
706,20190200213,FR,"First Industrial Realty Trust, Inc.",Dec 2018,0.42 ,0.41 ,7 ,2.44 
707,20190200213,TCO,"Taubman Centers, Inc.",Dec 2018,0.91 ,0.89 ,13 ,2.25 
708,20190200213,STAG,"Stag Industrial, Inc.",Dec 2018,0.46 ,0.45 ,8 ,2.22 
709,20190200213,NUS,"Nu Skin Enterprises, Inc.",Dec 2018,1.05 ,1.03 ,5 ,1.94 
710,20190200213,DVA,DaVita Inc.,Dec 2018,0.9 ,0.89 ,6 ,1.12 
711,20190200213,NTAP,"NetApp, Inc.",Jan 2019,1.03 ,1.02 ,9 ,0.98 
712,20190200213,CTRE,"CareTrust REIT, Inc.",Dec 2018,0.32 ,0.32 ,4 ,0 
713,20190200213,HCP,"HCP, Inc.",Dec 2018,0.43 ,0.43 ,10 ,0 
714,20190200213,QUIK,QuickLogic Corporation,Dec 2018,-0.03 ,-0.03 ,1 ,0 
715,20190200213,FCPT,"Four Corners Property Trust, Inc.",Dec 2018,0.36 ,0.36 ,3 ,0 
716,20190200213,GOLD,Barrick Gold Corporation,Dec 2018,0.06 ,0.06 ,6 ,0 
717,20190200213,NPO,EnPro Industries,Dec 2018,0.98 ,0.98 ,2 ,0 
718,20190200213,AB,AllianceBernstein Holding L.P.,Dec 2018,0.64 ,0.64 ,2 ,0 
719,20190200213,HR,Healthcare Realty Trust Incorporated,Dec 2018,0.4 ,0.4 ,8 ,0 
720,20190200213,PRSP,Perspecta Inc.,Dec 2018,0.44 ,0.44 ,2 ,0 
721,20190200213,TSE,Trinseo S.A.,Dec 2018,0.23 ,0.23 ,2 ,0 
722,20190200213,FRT,Federal Realty Investment Trust,Dec 2018,1.57 ,1.57 ,10 ,0 
723,20190200213,CHEF,"The Chefs' Warehouse, Inc.",Dec 2018,0.32 ,0.32 ,1 ,0 
724,20190200213,ASGN,ASGN Incorporated,Dec 2018,1.14 ,1.15 ,5 ,-0.87 
725,20190200213,KELYA,"Kelly Services, Inc.",Dec 2018,0.87 ,0.88 ,1 ,-1.14 
726,20190200213,CPA,"Copa Holdings, S.A.",Dec 2018,1.04 ,1.06 ,7 ,-1.89 
727,20190200213,MFC,Manulife Financial Corp,Dec 2018,0.49 ,0.5 ,4 ,-2 
728,20190200213,FMAO,"Farmers & Merchants Bancorp, Inc.",Dec 2018,0.41 ,0.42 ,1 ,-2.38 
729,20190200213,GOOD,Gladstone Commercial Corporation,Dec 2018,0.39 ,0.4 ,5 ,-2.5 
730,20190200213,CIGI,Colliers International Group Inc. ,Dec 2018,1.33 ,1.37 ,1 ,-2.92 
731,20190200213,UE,Urban Edge Properties,Dec 2018,0.32 ,0.33 ,2 ,-3.03 
732,20190200213,PEI,Pennsylvania Real Estate Investment Trust,Dec 2018,0.52 ,0.54 ,4 ,-3.7 
733,20190200213,DISH,DISH Network Corporation,Dec 2018,0.64 ,0.67 ,9 ,-4.48 
734,20190200213,ACCO,Acco Brands Corporation,Dec 2018,0.41 ,0.43 ,4 ,-4.65 
735,20190200213,AKR,Acadia Realty Trust,Dec 2018,0.34 ,0.36 ,3 ,-5.56 
736,20190200213,CEVA,"CEVA, Inc.",Dec 2018,0.14 ,0.15 ,3 ,-6.67 
737,20190200213,FNF,"Fidelity National Financial, Inc.",Dec 2018,0.63 ,0.68 ,2 ,-7.35 
738,20190200213,IFF,"International Flavors & Fragrances, Inc.",Dec 2018,1.22 ,1.34 ,3 ,-8.96 
739,20190200213,WMB,"Williams Companies, Inc. (The)",Dec 2018,0.19 ,0.22 ,6 ,-13.64 
740,20190200213,BABY,Natus Medical Incorporated,Dec 2018,0.43 ,0.5 ,2 ,-14 
741,20190200213,PXD,Pioneer Natural Resources Company,Dec 2018,1.18 ,1.4 ,15 ,-15.71 
742,20190200213,SVMK,SVMK Inc.,Dec 2018,-0.2 ,-0.17 ,3 ,-17.65 
743,20190200213,TECK,Teck Resources Ltd,Dec 2018,0.65 ,0.81 ,17 ,-19.75 
744,20190200213,LPI,"Laredo Petroleum, Inc.",Dec 2018,0.16 ,0.2 ,8 ,-20 
745,20190200213,FOSL,"Fossil Group, Inc.",Dec 2018,1.01 ,1.27 ,2 ,-20.47 
746,20190200213,FORR,"Forrester Research, Inc.",Dec 2018,0.29 ,0.38 ,1 ,-23.68 
747,20190200213,IIIV,"i3 Verticals, Inc.",Dec 2018,0.13 ,0.19 ,1 ,-31.58 
748,20190200213,FUN,"Cedar Fair, L.P.",Dec 2018,0.13 ,0.19 ,6 ,-31.58 
749,20190200213,LPX,Louisiana-Pacific Corporation,Dec 2018,0.19 ,0.3 ,3 ,-36.67 
750,20190200213,AMGP,Antero Midstream GP LP,Dec 2018,0.1 ,0.16 ,3 ,-37.5 
751,20190200213,OIS,"Oil States International, Inc.",Dec 2018,-0.19 ,-0.13 ,8 ,-46.15 
752,20190200213,RYAM,Rayonier Advanced Materials Inc.,Dec 2018,0.19 ,0.37 ,2 ,-48.65 
753,20190200213,PPC,Pilgrim's Pride Corporation,Dec 2018,0.09 ,0.18 ,1 ,-50 
754,20190200213,CRY,"CryoLife, Inc.",Dec 2018,0.05 ,0.12 ,1 ,-58.33 
755,20190200213,CF,"CF Industries Holdings, Inc.",Dec 2018,0.21 ,0.51 ,5 ,-58.82 
756,20190200213,PS,"Pluralsight, Inc.",Dec 2018,-0.36 ,-0.22 ,3 ,-63.64 
757,20190200213,ORGS,Orgenesis Inc.,Nov 2018,-0.39 ,-0.21 ,2 ,-85.71 
758,20190200213,SWIR,"Sierra Wireless, Inc.",Dec 2018,0.02 ,0.2 ,1 ,-90 
759,20190200213,CBM,Cambrex Corporation,Dec 2018,0.04 ,1.32 ,1 ,-96.97 
760,20190200213,DYNT,Dynatronics Corporation,Dec 2018,-0.08 ,-0.04 ,1 ,-100 
761,20190200213,TRUP,"Trupanion, Inc.",Dec 2018,-0.01 ,0.01 ,4 ,-200 
762,20190200213,AIG,"American International Group, Inc.",Dec 2018,-0.63 ,0.47 ,7 ,-234.04 
763,20190200213,CVE,Cenovus Energy Inc,Dec 2018,-1.03 ,-0.16 ,5 ,-543.75 
764,20190200214,NGD,New Gold Inc.,Dec 2018,0.04 ,-0.01 ,6 ,500 
765,20190200214,AEM,Agnico Eagle Mines Limited,Dec 2018,0.14 ,0.03 ,6 ,366.67 
766,20190200214,AIRG,"Airgain, Inc.",Dec 2018,0.13 ,0.03 ,3 ,333.33 
767,20190200214,MX,MagnaChip Semiconductor Corporation,Dec 2018,0.1 ,-0.06 ,1 ,266.67 
768,20190200214,SIX,Six Flags Entertainment Corporation New,Dec 2018,0.93 ,0.28 ,9 ,232.14 
769,20190200214,ALKS,Alkermes plc,Dec 2018,0.17 ,-0.32 ,2 ,153.13 
770,20190200214,SRTS,"Sensus Healthcare, Inc.",Dec 2018,0.01 ,-0.02 ,3 ,150 
771,20190200214,ACOR,"Acorda Therapeutics, Inc.",Dec 2018,0.41 ,-1.19 ,1 ,134.45 
772,20190200214,DLHC,DLH Holdings Corp.,Dec 2018,0.13 ,0.06 ,1 ,116.67 
773,20190200214,AZN,Astrazeneca PLC,Dec 2018,1.58 ,0.73 ,3 ,116.44 
774,20190200214,PDS,Precision Drilling Corporation,Dec 2018,0 ,-0.05 ,7 ,100 
775,20190200214,EEX,"Emerald Expositions Events, Inc.",Dec 2018,0 ,-0.01 ,3 ,100 
776,20190200214,AKG,Asanko Gold Inc.,Dec 2018,0 ,-0.01 ,1 ,100 
777,20190200214,ETRN,Equitrans Midstream Corporation,Dec 2018,0.62 ,0.34 ,1 ,82.35 
778,20190200214,MANU,Manchester United Ltd.,Dec 2018,0.36 ,0.2 ,1 ,80 
779,20190200214,CYBR,CyberArk Software Ltd.,Dec 2018,0.68 ,0.39 ,7 ,74.36 
780,20190200214,GLOG,GasLog LP.,Dec 2018,0.54 ,0.31 ,6 ,74.19 
781,20190200214,BRG,"Bluerock Residential Growth REIT, Inc.",Dec 2018,0.18 ,0.11 ,5 ,63.64 
782,20190200214,PVG,"Pretium Resources, Inc.",Dec 2018,0.11 ,0.07 ,2 ,57.14 
783,20190200214,DNOW,NOW Inc.,Dec 2018,0.11 ,0.07 ,9 ,57.14 
784,20190200214,AUY,Yamana Gold Inc.,Dec 2018,0.03 ,0.02 ,5 ,50 
785,20190200214,ACST,"Acasti Pharma, Inc.",Dec 2018,-0.05 ,-0.08 ,2 ,37.5 
786,20190200214,ARCH,"Arch Coal, Inc.",Dec 2018,4.44 ,3.28 ,4 ,35.37 
787,20190200214,INCY,Incyte Corporation,Dec 2018,0.35 ,0.26 ,2 ,34.62 
788,20190200214,PBF,PBF Energy Inc.,Dec 2018,1.03 ,0.77 ,15 ,33.77 
789,20190200214,ARES,Ares Management Corporation,Dec 2018,0.41 ,0.31 ,6 ,32.26 
790,20190200214,PATK,"Patrick Industries, Inc.",Dec 2018,0.96 ,0.75 ,2 ,28 
791,20190200214,GEO,Geo Group Inc (The),Dec 2018,0.65 ,0.52 ,3 ,25 
792,20190200214,GOOS,Canada Goose Holdings Inc.,Dec 2018,0.72 ,0.58 ,5 ,24.14 
793,20190200214,MTRN,Materion Corporation,Dec 2018,0.65 ,0.53 ,3 ,22.64 
794,20190200214,RDFN,Redfin Corporation,Dec 2018,-0.14 ,-0.18 ,8 ,22.22 
795,20190200214,STNG,Scorpio Tankers Inc.,Dec 2018,-0.38 ,-0.47 ,7 ,19.15 
796,20190200214,NSIT,"Insight Enterprises, Inc.",Dec 2018,1.32 ,1.12 ,3 ,17.86 
797,20190200214,TREX,"Trex Company, Inc.",Dec 2018,0.43 ,0.37 ,5 ,16.22 
798,20190200214,VMC,Vulcan Materials Company,Dec 2018,0.99 ,0.87 ,6 ,13.79 
799,20190200214,BWA,BorgWarner Inc.,Dec 2018,1.21 ,1.07 ,10 ,13.08 
800,20190200214,PBFX,PBF Logistics LP,Dec 2018,0.52 ,0.46 ,3 ,13.04 
801,20190200214,CGNX,Cognex Corporation,Dec 2018,0.26 ,0.23 ,7 ,13.04 
802,20190200214,GTLS,"Chart Industries, Inc.",Dec 2018,0.61 ,0.54 ,3 ,12.96 
803,20190200214,YETI,"YETI Holdings, Inc.",Dec 2018,0.35 ,0.31 ,6 ,12.9 
804,20190200214,CINR,Ciner Resources LP,Dec 2018,0.7 ,0.62 ,1 ,12.9 
805,20190200214,TRP,TransCanada Corporation,Dec 2018,0.78 ,0.7 ,5 ,11.43 
806,20190200214,FAF,First American Corporation (The),Dec 2018,1.27 ,1.14 ,2 ,11.4 
807,20190200214,SPXC,SPX Corporation,Dec 2018,0.89 ,0.8 ,1 ,11.25 
808,20190200214,BLMN,"Bloomin' Brands, Inc.",Dec 2018,0.3 ,0.27 ,7 ,11.11 
809,20190200214,BL,"BlackLine, Inc.",Dec 2018,-0.08 ,-0.09 ,6 ,11.11 
810,20190200214,HII,"Huntington Ingalls Industries, Inc.",Dec 2018,4.94 ,4.45 ,4 ,11.01 
811,20190200214,TRU,TransUnion,Dec 2018,0.63 ,0.57 ,7 ,10.53 
812,20190200214,SSNC,"SS&C Technologies Holdings, Inc.",Dec 2018,0.89 ,0.81 ,4 ,9.88 
813,20190200214,TRTN,Triton International Limited,Dec 2018,1.25 ,1.14 ,3 ,9.65 
814,20190200214,NVDA,NVIDIA Corporation,Jan 2019,0.58 ,0.53 ,6 ,9.43 
815,20190200214,ANET,"Arista Networks, Inc.",Dec 2018,1.95 ,1.8 ,8 ,8.33 
816,20190200214,LOGM,"LogMein, Inc.",Dec 2018,1.24 ,1.15 ,5 ,7.83 
817,20190200214,WGP,"Western Gas Equity Partners, LP",Dec 2018,0.7 ,0.65 ,5 ,7.69 
818,20190200214,IRM,Iron Mountain Incorporated,Dec 2018,0.56 ,0.52 ,4 ,7.69 
819,20190200214,LECO,"Lincoln Electric Holdings, Inc.",Dec 2018,1.29 ,1.2 ,7 ,7.5 
820,20190200214,THS,"Treehouse Foods, Inc.",Dec 2018,1.03 ,0.96 ,7 ,7.29 
821,20190200214,STFC,State Auto Financial Corporation,Dec 2018,0.67 ,0.63 ,1 ,6.35 
822,20190200214,PPL,PPL Corporation,Dec 2018,0.52 ,0.49 ,6 ,6.12 
823,20190200214,WM,"Waste Management, Inc.",Dec 2018,1.13 ,1.07 ,4 ,5.61 
824,20190200214,RWT,"Redwood Trust, Inc.",Dec 2018,0.39 ,0.37 ,2 ,5.41 
825,20190200214,GLOB,Globant S.A.,Dec 2018,0.41 ,0.39 ,3 ,5.13 
826,20190200214,EPAM,"EPAM Systems, Inc.",Dec 2018,1.08 ,1.03 ,6 ,4.85 
827,20190200214,BCOR,"Blucora, Inc.",Dec 2018,-0.22 ,-0.23 ,2 ,4.35 
828,20190200214,AGIO,"Agios Pharmaceuticals, Inc.",Dec 2018,-1.58 ,-1.65 ,6 ,4.24 
829,20190200214,SON,Sonoco Products Company,Dec 2018,0.84 ,0.81 ,5 ,3.7 
830,20190200214,NICE,NICE Ltd,Dec 2018,1.24 ,1.2 ,4 ,3.33 
831,20190200214,ZBRA,Zebra Technologies Corporation,Dec 2018,2.92 ,2.84 ,4 ,2.82 
832,20190200214,ALE,"Allete, Inc.",Dec 2018,1.18 ,1.15 ,3 ,2.61 
833,20190200214,ZTS,Zoetis Inc.,Dec 2018,0.79 ,0.77 ,6 ,2.6 
834,20190200214,AMAT,"Applied Materials, Inc.",Jan 2019,0.81 ,0.79 ,9 ,2.53 
835,20190200214,TNET,"TriNet Group, Inc.",Dec 2018,0.44 ,0.43 ,2 ,2.33 
836,20190200214,GNRC,Generac Holdlings Inc.,Dec 2018,1.42 ,1.39 ,7 ,2.16 
837,20190200214,WST,"West Pharmaceutical Services, Inc.",Dec 2018,0.73 ,0.72 ,3 ,1.39 
838,20190200214,AMN,AMN Healthcare Services Inc,Dec 2018,0.81 ,0.8 ,4 ,1.25 
839,20190200214,CME,CME Group Inc.,Dec 2018,1.77 ,1.75 ,5 ,1.14 
840,20190200214,IQV,"IQVIA Holdings, Inc.",Dec 2018,1.37 ,1.36 ,10 ,0.74 
841,20190200214,R,"Ryder System, Inc.",Dec 2018,1.82 ,1.81 ,6 ,0.55 
842,20190200214,WRE,Washington Real Estate Investment Trust,Dec 2018,0.46 ,0.46 ,6 ,0 
843,20190200214,TU,TELUS Corporation,Dec 2018,0.53 ,0.53 ,6 ,0 
844,20190200214,TRUE,"TrueCar, Inc.",Dec 2018,-0.06 ,-0.06 ,5 ,0 
845,20190200214,REPL,"Replimune Group, Inc.",Dec 2018,-0.24 ,-0.24 ,2 ,0 
846,20190200214,PDFS,"PDF Solutions, Inc.",Dec 2018,-0.1 ,-0.1 ,2 ,0 
847,20190200214,KO,Coca-Cola Company (The),Dec 2018,0.43 ,0.43 ,8 ,0 
848,20190200214,INVH,Invitation Homes Inc.,Dec 2018,0.3 ,0.3 ,7 ,0 
849,20190200214,HPP,"Hudson Pacific Properties, Inc.",Dec 2018,0.49 ,0.49 ,5 ,0 
850,20190200214,EQT,EQT Corporation,Dec 2018,0.79 ,0.79 ,7 ,0 
851,20190200214,DGX,Quest Diagnostics Incorporated,Dec 2018,1.36 ,1.36 ,9 ,0 
852,20190200214,CCEP,Coca-Cola European Partners plc,Dec 2018,0.62 ,0.62 ,3 ,0 
853,20190200214,CC,Chemours Company (The),Dec 2018,1.05 ,1.05 ,4 ,0 
854,20190200214,AAN,"Aaron's,  Inc.",Dec 2018,1.02 ,1.03 ,6 ,-0.97 
855,20190200214,CBS,CBS Corporation,Dec 2018,1.5 ,1.53 ,27 ,-1.96 
856,20190200214,HTA,"Healthcare Trust of America, Inc.",Dec 2018,0.4 ,0.41 ,9 ,-2.44 
857,20190200214,VICI,VICI Properties Inc.,Dec 2018,0.36 ,0.37 ,7 ,-2.7 
858,20190200214,AER,Aercap Holdings N.V.,Dec 2018,1.62 ,1.67 ,5 ,-2.99 
859,20190200214,EQM,"EQM Midstream Partners, LP",Dec 2018,1.28 ,1.32 ,7 ,-3.03 
860,20190200214,MGP,MGM Growth Properties LLC,Dec 2018,0.57 ,0.59 ,3 ,-3.39 
861,20190200214,WSO,"Watsco, Inc.",Dec 2018,1.02 ,1.06 ,7 ,-3.77 
862,20190200214,SAFE,"Safety, Income & Growth Inc.",Dec 2018,0.24 ,0.25 ,2 ,-4 
863,20190200214,DUK,Duke Energy Corporation,Dec 2018,0.84 ,0.89 ,6 ,-5.62 
864,20190200214,TPX,"Tempur Sealy International, Inc.",Dec 2018,0.9 ,0.96 ,8 ,-6.25 
865,20190200214,PRTA,Prothena Corporation plc,Dec 2018,-0.59 ,-0.55 ,2 ,-7.27 
866,20190200214,POOL,Pool Corporation,Dec 2018,0.41 ,0.45 ,4 ,-8.89 
867,20190200214,CTT,"CatchMark Timber Trust, Inc.",Dec 2018,-0.78 ,-0.71 ,3 ,-9.86 
868,20190200214,BGCP,"BGC Partners, Inc.",Dec 2018,0.14 ,0.16 ,1 ,-12.5 
869,20190200214,AVP,"Avon Products, Inc.",Dec 2018,0.07 ,0.08 ,4 ,-12.5 
870,20190200214,AEE,Ameren Corporation,Dec 2018,0.28 ,0.32 ,5 ,-12.5 
871,20190200214,XPO,"XPO Logistics, Inc.",Dec 2018,0.72 ,0.83 ,12 ,-13.25 
872,20190200214,SMP,"Standard Motor Products, Inc.",Dec 2018,0.52 ,0.61 ,2 ,-14.75 
873,20190200214,WLH,Lyon William Homes,Dec 2018,0.91 ,1.09 ,2 ,-16.51 
874,20190200214,SVM,Silvercorp Metals Inc.,Dec 2018,0.05 ,0.06 ,1 ,-16.67 
875,20190200214,CPS,Cooper-Standard Holdings Inc.,Dec 2018,1.53 ,1.99 ,3 ,-23.12 
876,20190200214,SNOA,"Sonoma Pharmaceuticals, Inc.",Dec 2018,-0.26 ,-0.21 ,1 ,-23.81 
877,20190200214,TLND,Talend S.A.,Dec 2018,-0.35 ,-0.27 ,1 ,-29.63 
878,20190200214,MRC,MRC Global Inc.,Dec 2018,0.07 ,0.1 ,10 ,-30 
879,20190200214,WES,"Western Gas Partners, LP",Dec 2018,0.49 ,0.75 ,5 ,-34.67 
880,20190200214,ELLI,"Ellie Mae, Inc.",Dec 2018,0.07 ,0.11 ,2 ,-36.36 
881,20190200214,CVA,Covanta Holding Corporation,Dec 2018,0.04 ,0.07 ,4 ,-42.86 
882,20190200214,USG,USG Corporation,Dec 2018,0.26 ,0.48 ,4 ,-45.83 
883,20190200214,CBB,Cincinnati Bell Inc,Dec 2018,-0.55 ,-0.14 ,4 ,-292.86 
884,20190200214,CGC,Canopy Growth Corporation,Dec 2018,-0.67 ,-0.15 ,3 ,-346.67 
885,20190200215,TYPE,Monotype Imaging Holdings Inc.,Dec 2018,0.33 ,0.16 ,1 ,106.25 
886,20190200215,E,ENI S.p.A.,Dec 2018,0.94 ,0.73 ,1 ,28.77 
887,20190200215,CIVB,"Civista Bancshares, Inc. ",Dec 2018,0.49 ,0.42 ,2 ,16.67 
888,20190200215,HOLI,"Hollysys Automation Technologies, Ltd.",Dec 2018,0.73 ,0.63 ,1 ,15.87 
889,20190200215,NWL,Newell Brands Inc.,Dec 2018,0.47 ,0.41 ,6 ,14.63 
890,20190200215,CPSI,"Computer Programs and Systems, Inc.",Dec 2018,0.64 ,0.57 ,1 ,12.28 
891,20190200215,ABR,Arbor Realty Trust,Dec 2018,0.29 ,0.26 ,1 ,11.54 
892,20190200215,ENB,Enbridge Inc,Dec 2018,0.49 ,0.45 ,4 ,8.89 
893,20190200215,DAN,Dana Incorporated,Dec 2018,0.71 ,0.66 ,4 ,7.58 
894,20190200215,WBC,Wabco Holdings Inc.,Dec 2018,2.13 ,1.99 ,7 ,7.04 
895,20190200215,CHH,"Choice Hotels International, Inc.",Dec 2018,0.88 ,0.83 ,7 ,6.02 
896,20190200215,AXL,"American Axle & Manufacturing Holdings, Inc.",Dec 2018,0.45 ,0.43 ,6 ,4.65 
897,20190200215,POR,Portland General Electric Company,Dec 2018,0.55 ,0.54 ,4 ,1.85 
898,20190200215,SXT,Sensient Technologies Corporation,Dec 2018,0.79 ,0.79 ,1 ,0 
899,20190200215,PEP,"Pepsico, Inc.",Dec 2018,1.49 ,1.49 ,7 ,0 
900,20190200215,HE,"Hawaiian Electric Industries, Inc.",Dec 2018,0.45 ,0.47 ,1 ,-4.26 
901,20190200215,MCO,Moody's Corporation,Dec 2018,1.63 ,1.71 ,5 ,-4.68 
902,20190200215,YNDX,Yandex N.V.,Dec 2018,0.3 ,0.32 ,2 ,-6.25 
903,20190200215,FTS,Fortis Inc.,Dec 2018,0.42 ,0.46 ,3 ,-8.7 
904,20190200215,NEXA,Nexa Resources S.A.,Dec 2018,0.12 ,0.14 ,4 ,-14.29 
905,20190200215,DE,Deere & Company,Jan 2019,1.54 ,1.8 ,8 ,-14.44 
906,20190200215,ZEUS,"Olympic Steel, Inc.",Dec 2018,0.14 ,0.17 ,2 ,-17.65 
907,20190200215,RBS,Royal Bank Scotland plc (The),Dec 2018,0.06 ,0.15 ,1 ,-60 
908,20190200218,SPN,"Superior Energy Services, Inc.",Dec 2018,-0.2 ,-0.29 ,10 ,31.03 
909,20190200218,DOOR,Masonite International Corporation,Dec 2018,0.68 ,0.62 ,6 ,9.68 
910,20190200218,APY,Apergy Corporation,Dec 2018,0.36 ,0.35 ,3 ,2.86 
911,20190200218,OTTR,Otter Tail Corporation,Dec 2018,0.35 ,0.35 ,1 ,0 
912,20190200218,WTR,"Aqua America, Inc.",Dec 2018,0.31 ,0.32 ,5 ,-3.12 
913,20190200218,SCI,Service Corporation International,Dec 2018,0.54 ,0.56 ,3 ,-3.57 
914,20190200218,CLR,"Continental Resources, Inc.",Dec 2018,0.54 ,0.59 ,16 ,-8.47 
915,20190200218,HLX,"Helix Energy Solutions Group, Inc.",Dec 2018,-0.09 ,-0.08 ,3 ,-12.5 
916,20190200218,RIG,Transocean Ltd.,Dec 2018,-0.34 ,-0.24 ,6 ,-41.67 
917,20190200219,FIVN,"Five9, Inc.",Dec 2018,0.11 ,0.01 ,8 ,1000 
918,20190200219,HBM,Hudbay Minerals Inc.,Dec 2018,0.05 ,-0.01 ,13 ,600 
919,20190200219,CEQP,Crestwood Equity Partners LP,Dec 2018,0.57 ,0.15 ,5 ,280 
920,20190200219,SSTI,"ShotSpotter, Inc.",Dec 2018,0.03 ,0.01 ,2 ,200 
921,20190200219,GOGL,Golden Ocean Group Limited,Dec 2018,0.16 ,0.06 ,2 ,166.67 
922,20190200219,HIMX,"Himax Technologies, Inc.",Dec 2018,0.05 ,0.02 ,1 ,150 
923,20190200219,OSPN,OneSpan Inc.,Dec 2018,0.17 ,0.07 ,2 ,142.86 
924,20190200219,USAC,"USA Compression Partners, LP",Dec 2018,0.01 ,-0.05 ,4 ,120 
925,20190200219,HSTM,"HealthStream, Inc.",Dec 2018,0.09 ,0.05 ,3 ,80 
926,20190200219,MSC,Studio City International Holdings Limited,Dec 2018,0.12 ,0.07 ,1 ,71.43 
927,20190200219,FARO,"FARO Technologies, Inc.",Dec 2018,0.5 ,0.3 ,1 ,66.67 
928,20190200219,LC,LendingClub Corporation,Dec 2018,-0.01 ,-0.03 ,5 ,66.67 
929,20190200219,WIRE,Encore Wire Corporation,Dec 2018,1.2 ,0.73 ,1 ,64.38 
930,20190200219,LNTH,"Lantheus Holdings, Inc.",Dec 2018,0.24 ,0.15 ,2 ,60 
931,20190200219,CRMT,"America's Car-Mart, Inc.",Jan 2019,1.55 ,1.02 ,3 ,51.96 
932,20190200219,SLCA,"U.S. Silica Holdings, Inc.",Dec 2018,-0.04 ,-0.08 ,10 ,50 
933,20190200219,EDRY,EuroDry Ltd.,Dec 2018,0.31 ,0.22 ,1 ,40.91 
934,20190200219,ENBL,"Enable Midstream Partners, LP",Dec 2018,0.38 ,0.27 ,3 ,40.74 
935,20190200219,INST,"Instructure, Inc.",Dec 2018,-0.2 ,-0.32 ,6 ,37.5 
936,20190200219,UIHC,United Insurance Holdings Corp.,Dec 2018,-0.02 ,-0.03 ,2 ,33.33 
937,20190200219,MLCO,Melco Resorts & Entertainment Limited,Dec 2018,0.31 ,0.24 ,3 ,29.17 
938,20190200219,SITE,"SiteOne Landscape Supply, Inc.",Dec 2018,-0.05 ,-0.07 ,5 ,28.57 
939,20190200219,TVTY,"Tivity Health, Inc.",Dec 2018,0.73 ,0.57 ,6 ,28.07 
940,20190200219,AROC,"Archrock, Inc.",Dec 2018,0.1 ,0.08 ,3 ,25 
941,20190200219,HVT,"Haverty Furniture Companies, Inc.",Dec 2018,0.45 ,0.36 ,2 ,25 
942,20190200219,DK,"Delek US Holdings, Inc.",Dec 2018,1.59 ,1.28 ,6 ,24.22 
943,20190200219,CYBE,CyberOptics Corporation,Dec 2018,0.16 ,0.13 ,1 ,23.08 
944,20190200219,REPH,"Recro Pharma, Inc.",Dec 2018,-0.58 ,-0.74 ,4 ,21.62 
945,20190200219,CDNS,"Cadence Design Systems, Inc.",Dec 2018,0.35 ,0.29 ,3 ,20.69 
946,20190200219,EXPD,"Expeditors International of Washington, Inc.",Dec 2018,1.02 ,0.85 ,6 ,20 
947,20190200219,IOSP,Innospec Inc.,Dec 2018,1.62 ,1.35 ,1 ,20 
948,20190200219,HCKT,"The Hackett Group, Inc.",Dec 2018,0.26 ,0.22 ,4 ,18.18 
949,20190200219,CTB,Cooper Tire & Rubber Company,Dec 2018,0.66 ,0.56 ,4 ,17.86 
950,20190200219,JELD,"JELD-WEN Holding, Inc.",Dec 2018,0.41 ,0.35 ,8 ,17.14 
951,20190200219,LZB,La-Z-Boy Incorporated,Jan 2019,0.63 ,0.55 ,3 ,14.55 
952,20190200219,TX,Ternium S.A.,Dec 2018,1.79 ,1.58 ,3 ,13.29 
953,20190200219,LKSD,"LSC Communications, Inc.",Dec 2018,0.12 ,0.11 ,2 ,9.09 
954,20190200219,NBL,Noble Energy Inc.,Dec 2018,0.12 ,0.11 ,13 ,9.09 
955,20190200219,AAWW,Atlas Air Worldwide Holdings,Dec 2018,3.12 ,2.9 ,5 ,7.59 
956,20190200219,WMT,Walmart Inc.,Jan 2019,1.41 ,1.33 ,11 ,6.02 
957,20190200219,PES,Pioneer Energy Services Corp.,Dec 2018,-0.17 ,-0.18 ,9 ,5.56 
958,20190200219,TILE,"Interface, Inc.",Dec 2018,0.41 ,0.39 ,4 ,5.13 
959,20190200219,TXRH,"Texas Roadhouse, Inc.",Dec 2018,0.42 ,0.4 ,9 ,5 
960,20190200219,HST,"Host Hotels & Resorts, Inc.",Dec 2018,0.43 ,0.41 ,10 ,4.88 
961,20190200219,NVTA,Invitae Corporation,Dec 2018,-0.4 ,-0.42 ,5 ,4.76 
962,20190200219,FE,FirstEnergy Corp.,Dec 2018,0.5 ,0.48 ,5 ,4.17 
963,20190200219,MDT,Medtronic plc,Jan 2019,1.29 ,1.24 ,14 ,4.03 
964,20190200219,FELE,"Franklin Electric Co., Inc.",Dec 2018,0.52 ,0.5 ,4 ,4 
965,20190200219,EVBG,"Everbridge, Inc.",Dec 2018,-0.28 ,-0.29 ,7 ,3.45 
966,20190200219,KAR,"KAR Auction Services, Inc",Dec 2018,0.62 ,0.6 ,7 ,3.33 
967,20190200219,HLF,Herbalife Nutrition Ltd.,Dec 2018,0.63 ,0.61 ,2 ,3.28 
968,20190200219,LDOS,"Leidos Holdings, Inc.",Dec 2018,1.1 ,1.07 ,5 ,2.8 
969,20190200219,AAP,Advance Auto Parts Inc,Dec 2018,1.17 ,1.14 ,9 ,2.63 
970,20190200219,GPC,Genuine Parts Company,Dec 2018,1.35 ,1.32 ,3 ,2.27 
971,20190200219,NTB,Bank of N.T. Butterfield & Son Limited (The),Dec 2018,0.92 ,0.9 ,2 ,2.22 
972,20190200219,NXRT,"NexPoint Residential Trust, Inc.",Dec 2018,0.47 ,0.46 ,4 ,2.17 
973,20190200219,KRG,Kite Realty Group Trust,Dec 2018,0.48 ,0.47 ,6 ,2.13 
974,20190200219,CXW,"CoreCivic, Inc.",Dec 2018,0.63 ,0.62 ,2 ,1.61 
975,20190200219,ALLE,Allegion plc,Dec 2018,1.22 ,1.21 ,5 ,0.83 
976,20190200219,RARE,Ultragenyx Pharmaceutical Inc.,Dec 2018,-1.73 ,-1.74 ,10 ,0.57 
977,20190200219,LMAT,"LeMaitre Vascular, Inc.",Dec 2018,0.24 ,0.24 ,2 ,0 
978,20190200219,NEO,"NeoGenomics, Inc.",Dec 2018,0.04 ,0.04 ,4 ,0 
979,20190200219,NTRI,NutriSystem Inc,Dec 2018,0.61 ,0.61 ,2 ,0 
980,20190200219,VICL,Vical Incorporated,Dec 2018,-0.17 ,-0.17 ,2 ,0 
981,20190200219,GDI,"Gardner Denver Holdings, Inc.",Dec 2018,0.45 ,0.45 ,2 ,0 
982,20190200219,DGICA,"Donegal Group, Inc.",Dec 2018,-0.3 ,-0.3 ,1 ,0 
983,20190200219,ECL,Ecolab Inc.,Dec 2018,1.54 ,1.54 ,9 ,0 
984,20190200219,NNVC,"NanoViricides, Inc.",Dec 2018,-0.03 ,-0.03 ,1 ,0 
985,20190200219,ROIC,Retail Opportunity Investments Corp.,Dec 2018,0.29 ,0.29 ,9 ,0 
986,20190200219,WBT,"Welbilt, Inc.",Dec 2018,0.18 ,0.18 ,4 ,0 
987,20190200219,AWK,American Water Works,Dec 2018,0.69 ,0.69 ,5 ,0 
988,20190200219,AXDX,"Accelerate Diagnostics, Inc.",Dec 2018,-0.41 ,-0.41 ,3 ,0 
989,20190200219,TSEM,Tower Semiconductor Ltd.,Dec 2018,0.41 ,0.41 ,2 ,0 
990,20190200219,ACC,American Campus Communities Inc,Dec 2018,0.72 ,0.73 ,6 ,-1.37 
991,20190200219,VRSK,"Verisk Analytics, Inc.",Dec 2018,1.04 ,1.06 ,9 ,-1.89 
992,20190200219,HEP,"Holly Energy Partners, L.P.",Dec 2018,0.45 ,0.46 ,4 ,-2.17 
993,20190200219,CBMG,"Cellular Biomedicine Group, Inc.",Dec 2018,-0.45 ,-0.44 ,2 ,-2.27 
994,20190200219,WLKP,Westlake Chemical Partners LP,Dec 2018,0.37 ,0.38 ,1 ,-2.63 
995,20190200219,NHI,"National Health Investors, Inc.",Dec 2018,1.35 ,1.4 ,4 ,-3.57 
996,20190200219,NBLX,Noble Midstream Partners LP,Dec 2018,1 ,1.05 ,4 ,-4.76 
997,20190200219,AJRD,"Aerojet Rocketdyne Holdings, Inc. ",Dec 2018,0.33 ,0.36 ,2 ,-8.33 
998,20190200219,AGR,"Avangrid, Inc.",Dec 2018,0.56 ,0.62 ,3 ,-9.68 
999,20190200219,CXO,Concho Resources Inc.,Dec 2018,0.94 ,1.1 ,15 ,-14.55 
1000,20190200219,SAGE,"Sage Therapeutics, Inc.",Dec 2018,-3.38 ,-2.89 ,11 ,-16.96 
1001,20190200219,DKL,"Delek Logistics Partners, L.P.",Dec 2018,0.58 ,0.73 ,2 ,-20.55 
1002,20190200219,SB,"Safe Bulkers, Inc",Dec 2018,0.07 ,0.09 ,3 ,-22.22 
1003,20190200219,SQNS,Sequans Communications S.A.,Dec 2018,-0.1 ,-0.08 ,2 ,-25 
1004,20190200219,FANG,"Diamondback Energy, Inc.",Dec 2018,1.21 ,1.62 ,17 ,-25.31 
1005,20190200219,OMI,"Owens & Minor, Inc.",Dec 2018,0.09 ,0.14 ,5 ,-35.71 
1006,20190200219,WLK,Westlake Chemical Corporation,Dec 2018,1.02 ,1.72 ,5 ,-40.7 
1007,20190200219,IIN,IntriCon Corporation,Dec 2018,0.09 ,0.16 ,3 ,-43.75 
1008,20190200219,SAND,Sandstorm Gold Ltd,Dec 2018,0.01 ,0.02 ,2 ,-50 
1009,20190200219,HSBC,HSBC Holdings plc,Dec 2018,0.4 ,0.95 ,1 ,-57.89 
1010,20190200219,CTG,"Computer Task Group, Incorporated",Dec 2018,0.03 ,0.08 ,2 ,-62.5 
1011,20190200219,DVN,Devon Energy Corporation,Dec 2018,0.1 ,0.31 ,11 ,-67.74 
1012,20190200219,ONCE,"Spark Therapeutics, Inc.",Dec 2018,-1.75 ,-0.86 ,9 ,-103.49 
1013,20190200219,ENLC,"EnLink Midstream, LLC",Dec 2018,-0.34 ,0.17 ,7 ,-300 
1014,20190200219,NAT,Nordic American Tankers Limited,Dec 2018,-0.05 ,-0.01 ,5 ,-400 
1015,20190200220,GLDD,Great Lakes Dredge & Dock Corporation,Dec 2018,0.14 ,0.01 ,1 ,1300 
1016,20190200220,ATNI,"ATN International, Inc.",Dec 2018,0.08 ,-0.06 ,1 ,233.33 
1017,20190200220,OR,Osisko Gold Royalties Ltd,Dec 2018,0.06 ,0.02 ,5 ,200 
1018,20190200220,CDE,"Coeur Mining, Inc.",Dec 2018,0.08 ,-0.12 ,3 ,166.67 
1019,20190200220,WIX,Wix.com Ltd.,Dec 2018,0.01 ,-0.05 ,5 ,120 
1020,20190200220,GDDY,GoDaddy Inc.,Dec 2018,0.28 ,0.13 ,10 ,115.38 
1021,20190200220,LASR,"nLIGHT, Inc.",Dec 2018,0.06 ,0.03 ,4 ,100 
1022,20190200220,EIG,Employers Holdings Inc,Dec 2018,1.31 ,0.69 ,2 ,89.86 
1023,20190200220,AMSWA,"American Software, Inc.",Jan 2019,0.09 ,0.05 ,1 ,80 
1024,20190200220,SNPS,"Synopsys, Inc.",Jan 2019,1.01 ,0.57 ,3 ,77.19 
1025,20190200220,CAR,"Avis Budget Group, Inc.",Dec 2018,0.53 ,0.31 ,4 ,70.97 
1026,20190200220,GEL,"Genesis Energy, L.P.",Dec 2018,0.17 ,0.11 ,4 ,54.55 
1027,20190200220,PI,"Impinj, Inc.",Dec 2018,-0.09 ,-0.14 ,3 ,35.71 
1028,20190200220,WK,Workiva Inc.,Dec 2018,-0.17 ,-0.26 ,6 ,34.62 
1029,20190200220,ROG,Rogers Corporation,Dec 2018,1.67 ,1.27 ,1 ,31.5 
1030,20190200220,PEGA,Pegasystems Inc.,Dec 2018,0.21 ,0.16 ,3 ,31.25 
1031,20190200220,MMI,"Marcus & Millichap, Inc.",Dec 2018,0.66 ,0.51 ,2 ,29.41 
1032,20190200220,GRMN,Garmin Ltd.,Dec 2018,1.02 ,0.79 ,5 ,29.11 
1033,20190200220,TSLX,"TPG Specialty Lending, Inc.",Dec 2018,0.67 ,0.52 ,6 ,28.85 
1034,20190200220,CYH,"Community Health Systems, Inc.",Dec 2018,-0.42 ,-0.58 ,10 ,27.59 
1035,20190200220,NTES,"NetEase, Inc.",Dec 2018,1.92 ,1.51 ,2 ,27.15 
1036,20190200220,ESRT,"Empire State Realty Trust, Inc.",Dec 2018,0.29 ,0.23 ,2 ,26.09 
1037,20190200220,SJW,SJW Group,Dec 2018,0.5 ,0.4 ,2 ,25 
1038,20190200220,ETR,Entergy Corporation,Dec 2018,0.6 ,0.48 ,5 ,25 
1039,20190200220,SP,SP Plus Corporation,Dec 2018,0.57 ,0.46 ,2 ,23.91 
1040,20190200220,CECO,Career Education Corporation,Dec 2018,0.3 ,0.25 ,2 ,20 
1041,20190200220,GDOT,Green Dot Corporation,Dec 2018,0.37 ,0.31 ,3 ,19.35 
1042,20190200220,BHC,Bausch Health Companies Inc.,Dec 2018,1.05 ,0.88 ,6 ,19.32 
1043,20190200220,CBLK,"Carbon Black, Inc.",Dec 2018,-0.26 ,-0.31 ,1 ,16.13 
1044,20190200220,EVA,"Enviva Partners, LP",Dec 2018,0.44 ,0.38 ,1 ,15.79 
1045,20190200220,RBBN,Ribbon Communications Inc. ,Dec 2018,0.23 ,0.2 ,2 ,15 
1046,20190200220,KALU,Kaiser Aluminum Corporation,Dec 2018,1.75 ,1.53 ,5 ,14.38 
1047,20190200220,EFC,Ellington Financial LLC,Dec 2018,0.41 ,0.36 ,2 ,13.89 
1048,20190200220,XEC,Cimarex Energy Co,Dec 2018,1.98 ,1.75 ,18 ,13.14 
1049,20190200220,HFC,HollyFrontier Corporation,Dec 2018,2.25 ,1.99 ,8 ,13.07 
1050,20190200220,TRN,"Trinity Industries, Inc.",Dec 2018,0.26 ,0.23 ,3 ,13.04 
1051,20190200220,Y,Alleghany Corporation,Dec 2018,-4.35 ,-5 ,1 ,13 
1052,20190200220,NE,Noble Corporation,Dec 2018,-0.36 ,-0.41 ,7 ,12.2 
1053,20190200220,LAMR,Lamar Advertising Company,Dec 2018,1.48 ,1.34 ,1 ,10.45 
1054,20190200220,LOPE,"Grand Canyon Education, Inc.",Dec 2018,1.56 ,1.42 ,3 ,9.86 
1055,20190200220,NUVA,"NuVasive, Inc.",Dec 2018,0.69 ,0.63 ,9 ,9.52 
1056,20190200220,ATR,"AptarGroup, Inc.",Dec 2018,0.92 ,0.84 ,7 ,9.52 
1057,20190200220,EVTC,"Evertec, Inc.",Dec 2018,0.43 ,0.4 ,3 ,7.5 
1058,20190200220,SRCI,SRC Energy Inc.,Dec 2018,0.3 ,0.28 ,12 ,7.14 
1059,20190200220,OC,Owens Corning Inc,Dec 2018,1.38 ,1.29 ,9 ,6.98 
1060,20190200220,GHDX,"Genomic Health, Inc.",Dec 2018,0.32 ,0.3 ,6 ,6.67 
1061,20190200220,VIPS,Vipshop Holdings Limited,Dec 2018,0.17 ,0.16 ,1 ,6.25 
1062,20190200220,WWW,"Wolverine World Wide, Inc.",Dec 2018,0.52 ,0.49 ,6 ,6.12 
1063,20190200220,IPHS,"Innophos Holdings, Inc.",Dec 2018,0.54 ,0.51 ,1 ,5.88 
1064,20190200220,GTX,Garrett Motion Inc.,Dec 2018,0.57 ,0.54 ,2 ,5.56 
1065,20190200220,O,Realty Income Corporation,Dec 2018,0.79 ,0.75 ,10 ,5.33 
1066,20190200220,SRC,"Spirit Realty Capital, Inc.",Dec 2018,0.84 ,0.8 ,1 ,5 
1067,20190200220,CONE,CyrusOne Inc,Dec 2018,0.86 ,0.82 ,10 ,4.88 
1068,20190200220,ALB,Albemarle Corporation,Dec 2018,1.53 ,1.46 ,9 ,4.79 
1069,20190200220,EFX,"Equifax, Inc.",Dec 2018,1.38 ,1.32 ,10 ,4.55 
1070,20190200220,SO,Southern Company (The),Dec 2018,0.25 ,0.24 ,7 ,4.17 
1071,20190200220,A,"Agilent Technologies, Inc.",Jan 2019,0.76 ,0.73 ,9 ,4.11 
1072,20190200220,SAM,"Boston Beer Company, Inc. (The)",Dec 2018,1.84 ,1.77 ,2 ,3.95 
1073,20190200220,ADI,"Analog Devices, Inc.",Jan 2019,1.33 ,1.28 ,11 ,3.91 
1074,20190200220,JACK,Jack In The Box Inc.,Dec 2018,1.35 ,1.3 ,6 ,3.85 
1075,20190200220,CVS,CVS Health Corporation,Dec 2018,2.14 ,2.07 ,10 ,3.38 
1076,20190200220,SITC,SITE Centers Corp.,Dec 2018,0.31 ,0.3 ,11 ,3.33 
1077,20190200220,RPT,RPT Realty,Dec 2018,0.31 ,0.3 ,7 ,3.33 
1078,20190200220,TYL,"Tyler Technologies, Inc.",Dec 2018,1 ,0.97 ,6 ,3.09 
1079,20190200220,NI,"NiSource, Inc",Dec 2018,0.38 ,0.37 ,4 ,2.7 
1080,20190200220,CHE,Chemed Corp.,Dec 2018,3.35 ,3.27 ,2 ,2.45 
1081,20190200220,CPRT,"Copart, Inc.",Jan 2019,0.52 ,0.51 ,6 ,1.96 
1082,20190200220,BDC,Belden Inc,Dec 2018,1.66 ,1.63 ,4 ,1.84 
1083,20190200220,EXR,Extra Space Storage Inc,Dec 2018,1.22 ,1.2 ,8 ,1.67 
1084,20190200220,SAH,"Sonic Automotive, Inc.",Dec 2018,0.76 ,0.75 ,2 ,1.33 
1085,20190200220,ICLR,ICON plc,Dec 2018,1.62 ,1.6 ,8 ,1.25 
1086,20190200220,PSB,"PS Business Parks, Inc.",Dec 2018,1.65 ,1.63 ,2 ,1.23 
1087,20190200220,HSIC,"Henry Schein, Inc.",Dec 2018,1.12 ,1.11 ,8 ,0.9 
1088,20190200220,NM,Navios Maritime Holdings Inc.,Dec 2018,-1.79 ,-1.79 ,1 ,0 
1089,20190200220,SUI,"Sun Communities, Inc.",Dec 2018,1.03 ,1.03 ,3 ,0 
1090,20190200220,CLI,Mack-Cali Realty Corporation,Dec 2018,0.45 ,0.45 ,5 ,0 
1091,20190200220,CRNT,Ceragon Networks Ltd.,Dec 2018,0.05 ,0.05 ,1 ,0 
1092,20190200220,VPG,"Vishay Precision Group, Inc.",Dec 2018,0.54 ,0.54 ,2 ,0 
1093,20190200220,CNDT,Conduent Incorporated,Dec 2018,0.26 ,0.26 ,4 ,0 
1094,20190200220,FLS,Flowserve Corporation,Dec 2018,0.58 ,0.58 ,10 ,0 
1095,20190200220,MSA,MSA Safety Incorporporated,Dec 2018,1.27 ,1.28 ,3 ,-0.78 
1096,20190200220,VMI,"Valmont Industries, Inc.",Dec 2018,1.87 ,1.89 ,3 ,-1.06 
1097,20190200220,OGS,"ONE Gas, Inc.",Dec 2018,0.84 ,0.85 ,5 ,-1.18 
1098,20190200220,CAKE,The Cheesecake Factory Incorporated,Dec 2018,0.6 ,0.61 ,11 ,-1.64 
1099,20190200220,ILPT,Industrial Logistics Properties Trust,Dec 2018,0.4 ,0.41 ,2 ,-2.44 
1100,20190200220,WPG,Washington Prime Group Inc.,Dec 2018,0.38 ,0.39 ,1 ,-2.56 
1101,20190200220,ES,Eversource Energy,Dec 2018,0.73 ,0.75 ,4 ,-2.67 
1102,20190200220,WRI,Weingarten Realty Investors,Dec 2018,0.55 ,0.57 ,7 ,-3.51 
1103,20190200220,MANT,ManTech International Corporation,Dec 2018,0.5 ,0.52 ,4 ,-3.85 
1104,20190200220,CSV,"Carriage Services, Inc.",Dec 2018,0.23 ,0.24 ,1 ,-4.17 
1105,20190200220,KREF,KKR Real Estate Finance Trust Inc.,Dec 2018,0.38 ,0.4 ,3 ,-5 
1106,20190200220,XPER,Xperi Corporation,Dec 2018,1 ,1.06 ,1 ,-5.66 
1107,20190200220,MCRI,"Monarch Casino & Resort, Inc.",Dec 2018,0.39 ,0.42 ,2 ,-7.14 
1108,20190200220,UFPI,"Universal Forest Products, Inc.",Dec 2018,0.51 ,0.55 ,1 ,-7.27 
1109,20190200220,CHFS,"CHF Solutions, Inc.",Dec 2018,-8.37 ,-7.7 ,1 ,-8.7 
1110,20190200220,CETX,Cemtrex Inc.,Dec 2018,-0.24 ,-0.22 ,1 ,-9.09 
1111,20190200220,TS,Tenaris S.A.,Dec 2018,0.38 ,0.43 ,5 ,-11.63 
1112,20190200220,GCI,TEGNA Inc.,Dec 2018,0.44 ,0.51 ,2 ,-13.73 
1113,20190200220,CAI,"CAI International, Inc.",Dec 2018,0.89 ,1.06 ,3 ,-16.04 
1114,20190200220,MIC,Macquarie Infrastructure Corporation ,Dec 2018,0.45 ,0.54 ,2 ,-16.67 
1115,20190200220,SPTN,SpartanNash Company,Dec 2018,0.32 ,0.39 ,3 ,-17.95 
1116,20190200220,NDSN,Nordson Corporation,Jan 2019,0.92 ,1.13 ,7 ,-18.58 
1117,20190200220,ET,Energy Transfer L.P.,Dec 2018,0.26 ,0.33 ,5 ,-21.21 
1118,20190200220,SUN,Sunoco LP,Dec 2018,0.51 ,0.66 ,7 ,-22.73 
1119,20190200220,MESO,Mesoblast Limited,Dec 2018,-0.25 ,-0.19 ,2 ,-31.58 
1120,20190200220,AGI,Alamos Gold Inc.,Dec 2018,0.01 ,0.02 ,4 ,-50 
1121,20190200220,IAG,Iamgold Corporation,Dec 2018,-0.03 ,-0.02 ,5 ,-50 
1122,20190200220,SEDG,"SolarEdge Technologies, Inc.",Dec 2018,0.27 ,0.56 ,3 ,-51.79 
1123,20190200220,GVA,Granite Construction Incorporated,Dec 2018,0.5 ,1.07 ,2 ,-53.27 
1124,20190200220,WPX,"WPX Energy, Inc.",Dec 2018,0.02 ,0.05 ,16 ,-60 
1125,20190200220,SM,SM Energy Company,Dec 2018,-0.18 ,-0.11 ,10 ,-63.64 
1126,20190200220,INOV,"Inovalon Holdings, Inc.",Dec 2018,0.02 ,0.07 ,5 ,-71.43 
1127,20190200220,TMST,TimkenSteel Corporation,Dec 2018,-0.12 ,-0.06 ,4 ,-100 
1128,20190200220,FTI,TechnipFMC plc,Dec 2018,-0.09 ,0.37 ,21 ,-124.32 
1129,20190200220,PAAS,Pan American Silver Corp.,Dec 2018,-0.01 ,0.03 ,3 ,-133.33 
1130,20190200220,LMRK,Landmark Infrastructure Partners LP,Dec 2018,-0.04 ,0.12 ,3 ,-133.33 
1131,20190200220,LBY,"Libbey, Inc.",Dec 2018,-0.18 ,0.22 ,1 ,-181.82 
1132,20190200220,SUMR,"Summer Infant, Inc.",Dec 2018,-0.03 ,-0.01 ,1 ,-200 
1133,20190200220,I,Intelsat S.A.,Dec 2018,-0.91 ,-0.14 ,1 ,-550 
1134,20190200220,ESEA,Euroseas Ltd.,Dec 2018,-0.07 ,0.01 ,1 ,-800 
1135,20190200220,CUTR,"Cutera, Inc.",Dec 2018,-1.89 ,0.03 ,1 ,-6400 
1136,20190200221,SSRM,SSR Mining Inc.,Dec 2018,0.04 ,0.01 ,2 ,300 
1137,20190200221,DXCM,"DexCom, Inc.",Dec 2018,0.54 ,0.16 ,11 ,237.5 
1138,20190200221,IQ,"iQIYI, Inc.",Dec 2018,0.69 ,-0.69 ,1 ,200 
1139,20190200221,ROKU,"Roku, Inc.",Dec 2018,0.05 ,0.02 ,7 ,150 
1140,20190200221,TNK,Teekay Tankers Ltd.,Dec 2018,0.05 ,0.02 ,7 ,150 
1141,20190200221,SGMS,Scientific Games Corp,Dec 2018,0.23 ,0.1 ,6 ,130 
1142,20190200221,ATUS,"Altice USA, Inc.",Dec 2018,0.31 ,0.14 ,3 ,121.43 
1143,20190200221,NEM,Newmont Mining Corporation,Dec 2018,0.4 ,0.23 ,5 ,73.91 
1144,20190200221,PLAB,"Photronics, Inc.",Jan 2019,0.08 ,0.05 ,2 ,60 
1145,20190200221,DBX,"Dropbox, Inc.",Dec 2018,-0.02 ,-0.05 ,3 ,60 
1146,20190200221,HALO,"Halozyme Therapeutics, Inc.",Dec 2018,-0.01 ,-0.02 ,4 ,50 
1147,20190200221,ANIK,Anika Therapeutics Inc.,Dec 2018,0.54 ,0.36 ,2 ,50 
1148,20190200221,TTD,"The Trade Desk, Inc.",Dec 2018,0.84 ,0.56 ,7 ,50 
1149,20190200221,ACIA,"Acacia Communications, Inc.",Dec 2018,0.23 ,0.16 ,6 ,43.75 
1150,20190200221,VC,Visteon Corporation,Dec 2018,1.52 ,1.06 ,8 ,43.4 
1151,20190200221,PQG,PQ Group Holdings Inc.,Dec 2018,0.17 ,0.12 ,5 ,41.67 
1152,20190200221,CASA,"Casa Systems, Inc.",Dec 2018,0.17 ,0.12 ,4 ,41.67 
1153,20190200221,SWM,"Schweitzer-Mauduit International, Inc.",Dec 2018,0.9 ,0.66 ,1 ,36.36 
1154,20190200221,SCL,Stepan Company,Dec 2018,1.02 ,0.75 ,3 ,36 
1155,20190200221,COMM,"CommScope Holding Company, Inc.",Dec 2018,0.47 ,0.35 ,3 ,34.29 
1156,20190200221,BEAT,"BioTelemetry, Inc.",Dec 2018,0.56 ,0.42 ,4 ,33.33 
1157,20190200221,HASI,"Hannon Armstrong Sustainable Infrastructure Capital, Inc.",Dec 2018,0.33 ,0.25 ,4 ,32 
1158,20190200221,KL,Kirkland Lake Gold Ltd.,Dec 2018,0.52 ,0.4 ,4 ,30 
1159,20190200221,MCRN,Milacron Holdings Corp.,Dec 2018,0.48 ,0.37 ,5 ,29.73 
1160,20190200221,TCP,"TC PipeLines, LP",Dec 2018,1.06 ,0.83 ,2 ,27.71 
1161,20190200221,COLD,Americold Realty Trust,Dec 2018,0.33 ,0.26 ,1 ,26.92 
1162,20190200221,CATM,Cardtronics plc,Dec 2018,0.38 ,0.3 ,5 ,26.67 
1163,20190200221,FLR,Fluor Corporation,Dec 2018,0.77 ,0.61 ,5 ,26.23 
1164,20190200221,GOGO,Gogo Inc.,Dec 2018,-0.55 ,-0.74 ,5 ,25.68 
1165,20190200221,IDCC,"InterDigital, Inc.",Dec 2018,0.05 ,0.04 ,2 ,25 
1166,20190200221,INTU,Intuit Inc.,Jan 2019,0.7 ,0.56 ,7 ,25 
1167,20190200221,BOOM,DMC Global Inc.,Dec 2018,0.46 ,0.37 ,2 ,24.32 
1168,20190200221,HPE,Hewlett Packard Enterprise Company,Jan 2019,0.42 ,0.34 ,6 ,23.53 
1169,20190200221,HF,"HFF, Inc.",Dec 2018,1.11 ,0.9 ,1 ,23.33 
1170,20190200221,EBS,"Emergent Biosolutions, Inc.",Dec 2018,0.75 ,0.61 ,3 ,22.95 
1171,20190200221,HEES,"H&E Equipment Services, Inc.",Dec 2018,0.7 ,0.57 ,1 ,22.81 
1172,20190200221,DLPH,Delphi Technologies PLC,Dec 2018,1.06 ,0.88 ,10 ,20.45 
1173,20190200221,CENX,Century Aluminum Company,Dec 2018,-0.43 ,-0.54 ,4 ,20.37 
1174,20190200221,ACRE,Ares Commercial Real Estate Corporation,Dec 2018,0.37 ,0.31 ,3 ,19.35 
1175,20190200221,ARD,Ardagh Group S.A.,Dec 2018,0.33 ,0.28 ,2 ,17.86 
1176,20190200221,OLED,Universal Display Corporation,Dec 2018,0.4 ,0.34 ,3 ,17.65 
1177,20190200221,ROCK,"Gibraltar Industries, Inc.",Dec 2018,0.47 ,0.4 ,2 ,17.5 
1178,20190200221,EGO,Eldorado Gold Corporation,Dec 2018,-0.05 ,-0.06 ,5 ,16.67 
1179,20190200221,STMP,Stamps.com Inc.,Dec 2018,3.19 ,2.77 ,1 ,15.16 
1180,20190200221,NCMI,"National CineMedia, Inc.",Dec 2018,0.23 ,0.2 ,4 ,15 
1181,20190200221,TNC,Tennant Company,Dec 2018,0.54 ,0.47 ,1 ,14.89 
1182,20190200221,INFN,Infinera Corporation,Dec 2018,-0.3 ,-0.35 ,7 ,14.29 
1183,20190200221,HSC,Harsco Corporation,Dec 2018,0.33 ,0.29 ,1 ,13.79 
1184,20190200221,BIDU,"Baidu, Inc.",Dec 2018,1.32 ,1.16 ,2 ,13.79 
1185,20190200221,ITGR,Integer Holdings Corporation,Dec 2018,1.04 ,0.92 ,2 ,13.04 
1186,20190200221,CYTK,"Cytokinetics, Incorporated",Dec 2018,-0.48 ,-0.55 ,2 ,12.73 
1187,20190200221,KEYS,Keysight Technologies Inc.,Jan 2019,0.81 ,0.72 ,4 ,12.5 
1188,20190200221,OGE,OGE Energy Corp,Dec 2018,0.27 ,0.24 ,3 ,12.5 
1189,20190200221,KNSL,"Kinsale Capital Group, Inc.",Dec 2018,0.46 ,0.41 ,3 ,12.2 
1190,20190200221,EXAS,Exact Sciences Corporation,Dec 2018,-0.44 ,-0.5 ,5 ,12 
1191,20190200221,INT,World Fuel Services Corporation,Dec 2018,0.5 ,0.45 ,3 ,11.11 
1192,20190200221,FND,"Floor & Decor Holdings, Inc.",Dec 2018,0.2 ,0.18 ,10 ,11.11 
1193,20190200221,ZG,"Zillow Group, Inc.",Dec 2018,-0.17 ,-0.19 ,4 ,10.53 
1194,20190200221,PAC,"Grupo Aeroportuario Del Pacifico, S.A. de C.V.",Dec 2018,1.08 ,0.98 ,1 ,10.2 
1195,20190200221,HCC,"Warrior Met Coal, Inc.",Dec 2018,2.38 ,2.16 ,4 ,10.19 
1196,20190200221,CJ,"C&J Energy Services, Inc",Dec 2018,-0.27 ,-0.3 ,6 ,10 
1197,20190200221,SBAC,SBA Communications Corporation,Dec 2018,2 ,1.83 ,4 ,9.29 
1198,20190200221,DMRC,Digimarc Corporation,Dec 2018,-0.7 ,-0.77 ,1 ,9.09 
1199,20190200221,CNSL,"Consolidated Communications Holdings, Inc.",Dec 2018,-0.1 ,-0.11 ,2 ,9.09 
1200,20190200221,STOR,STORE Capital Corporation,Dec 2018,0.48 ,0.44 ,7 ,9.09 
1201,20190200221,ECOL,"US Ecology, Inc.",Dec 2018,0.65 ,0.6 ,1 ,8.33 
1202,20190200221,IDA,"IDACORP, Inc.",Dec 2018,0.52 ,0.48 ,3 ,8.33 
1203,20190200221,PAGS,PagSeguro Digital Ltd.,Dec 2018,0.27 ,0.25 ,4 ,8 
1204,20190200221,FOCS,Focus Financial Partners Inc.,Dec 2018,0.27 ,0.25 ,1 ,8 
1205,20190200221,NCLH,Norwegian Cruise Line Holdings Ltd.,Dec 2018,0.85 ,0.79 ,8 ,7.59 
1206,20190200221,GMED,"Globus Medical, Inc.",Dec 2018,0.43 ,0.4 ,6 ,7.5 
1207,20190200221,DIN,"Dine Brands Global, Inc.",Dec 2018,1.7 ,1.59 ,2 ,6.92 
1208,20190200221,WEN,Wendy's Company (The),Dec 2018,0.16 ,0.15 ,9 ,6.67 
1209,20190200221,CHSP,Chesapeake Lodging Trust,Dec 2018,0.54 ,0.51 ,6 ,5.88 
1210,20190200221,SUNS,Solar Senior Capital Ltd.,Dec 2018,0.36 ,0.34 ,1 ,5.88 
1211,20190200221,ATRO,Astronics Corporation,Dec 2018,0.37 ,0.35 ,2 ,5.71 
1212,20190200221,SFM,"Sprouts Farmers Market, Inc.",Dec 2018,0.19 ,0.18 ,8 ,5.56 
1213,20190200221,IART,Integra LifeSciences Holdings Corporation,Dec 2018,0.65 ,0.62 ,9 ,4.84 
1214,20190200221,PWR,"Quanta Services, Inc.",Dec 2018,0.89 ,0.85 ,6 ,4.71 
1215,20190200221,MATX,"Matson, Inc.",Dec 2018,0.48 ,0.46 ,3 ,4.35 
1216,20190200221,PBA,Pembina Pipeline Corp.,Dec 2018,0.5 ,0.48 ,3 ,4.17 
1217,20190200221,BLUE,"bluebird bio, Inc.",Dec 2018,-2.72 ,-2.83 ,12 ,3.89 
1218,20190200221,UNT,Unit Corporation,Dec 2018,0.27 ,0.26 ,4 ,3.85 
1219,20190200221,BRC,Brady Corporation,Jan 2019,0.55 ,0.53 ,4 ,3.77 
1220,20190200221,HTGC,"Hercules Capital, Inc.",Dec 2018,0.32 ,0.31 ,6 ,3.23 
1221,20190200221,MCS,Marcus Corporation (The),Dec 2018,0.41 ,0.4 ,2 ,2.5 
1222,20190200221,VER,VEREIT Inc.,Dec 2018,0.17 ,0.17 ,5 ,2.35 
1223,20190200221,SLRC,Solar Capital Ltd.,Dec 2018,0.44 ,0.43 ,4 ,2.33 
1224,20190200221,HRL,Hormel Foods Corporation,Jan 2019,0.44 ,0.43 ,4 ,2.33 
1225,20190200221,TTC,Toro Company (The),Jan 2019,0.51 ,0.5 ,2 ,2 
1226,20190200221,EME,"EMCOR Group, Inc.",Dec 2018,1.38 ,1.36 ,3 ,1.47 
1227,20190200221,ED,Consolidated Edison Inc,Dec 2018,0.77 ,0.76 ,6 ,1.32 
1228,20190200221,AL,Air Lease Corporation,Dec 2018,1.24 ,1.23 ,5 ,0.81 
1229,20190200221,CUBE,CubeSmart,Dec 2018,0.42 ,0.42 ,7 ,0 
1230,20190200221,AMH,American Homes 4 Rent,Dec 2018,0.28 ,0.28 ,7 ,0 
1231,20190200221,RGEN,Repligen Corporation,Dec 2018,0.21 ,0.21 ,5 ,0 
1232,20190200221,RMAX,"RE/MAX Holdings, Inc.",Dec 2018,0.41 ,0.41 ,2 ,0 
1233,20190200221,ENV,"Envestnet, Inc",Dec 2018,0.43 ,0.43 ,4 ,0 
1234,20190200221,LNT,Alliant Energy Corporation,Dec 2018,0.36 ,0.36 ,2 ,0 
1235,20190200221,IOTS,Adesto Technologies Corporation,Dec 2018,-0.08 ,-0.08 ,3 ,0 
1236,20190200221,SEM,Select Medical Holdings Corporation,Dec 2018,0.2 ,0.2 ,2 ,0 
1237,20190200221,BYD,Boyd Gaming Corporation,Dec 2018,0.32 ,0.32 ,7 ,0 
1238,20190200221,MDRX,"Allscripts Healthcare Solutions, Inc.",Dec 2018,0.16 ,0.16 ,10 ,0 
1239,20190200221,IRT,"Independence Realty Trust, Inc.",Dec 2018,0.19 ,0.19 ,5 ,0 
1240,20190200221,ADSW,"Advanced Disposal Services, Inc.",Dec 2018,0.13 ,0.13 ,6 ,0 
1241,20190200221,MBRX,"Moleculin Biotech, Inc.",Dec 2018,-0.1 ,-0.1 ,1 ,0 
1242,20190200221,TXMD,"TherapeuticsMD, Inc.",Dec 2018,-0.17 ,-0.17 ,4 ,0 
1243,20190200221,PRA,ProAssurance Corporation,Dec 2018,0.18 ,0.18 ,2 ,0 
1244,20190200221,AAOI,"Applied Optoelectronics, Inc.",Dec 2018,-0.16 ,-0.16 ,5 ,0 
1245,20190200221,TFX,Teleflex Incorporated,Dec 2018,2.77 ,2.78 ,7 ,-0.36 
1246,20190200221,ADC,Agree Realty Corporation,Dec 2018,0.72 ,0.73 ,7 ,-1.37 
1247,20190200221,DPZ,Domino's Pizza Inc,Dec 2018,2.62 ,2.66 ,9 ,-1.5 
1248,20190200221,BJRI,"BJ's Restaurants, Inc.",Dec 2018,0.49 ,0.5 ,9 ,-2 
1249,20190200221,GIL,"Gildan Activewear, Inc.",Dec 2018,0.43 ,0.44 ,5 ,-2.27 
1250,20190200221,CRK,"Comstock Resources, Inc.",Dec 2018,0.35 ,0.36 ,4 ,-2.78 
1251,20190200221,CBPX,"Continental Building Products, Inc.",Dec 2018,0.56 ,0.58 ,5 ,-3.45 
1252,20190200221,TGP,Teekay LNG Partners L.P.,Dec 2018,0.32 ,0.34 ,5 ,-5.88 
1253,20190200221,AIMC,Altra Industrial Motion Corp.,Dec 2018,0.65 ,0.7 ,2 ,-7.14 
1254,20190200221,UCTT,"Ultra Clean Holdings, Inc.",Dec 2018,0.23 ,0.25 ,5 ,-8 
1255,20190200221,SHLX,"Shell Midstream Partners, L.P.",Dec 2018,0.45 ,0.49 ,3 ,-8.16 
1256,20190200221,ECC,Eagle Point Credit Company Inc.,Dec 2018,0.38 ,0.42 ,1 ,-9.52 
1257,20190200221,KHC,The Kraft Heinz Company,Dec 2018,0.84 ,0.93 ,8 ,-9.68 
1258,20190200221,SGC,"Superior Group of Companies, Inc.",Dec 2018,0.3 ,0.34 ,1 ,-11.76 
1259,20190200221,PE,"Parsley Energy, Inc.",Dec 2018,0.3 ,0.34 ,17 ,-11.76 
1260,20190200221,ARRS,ARRIS International plc,Dec 2018,0.67 ,0.76 ,2 ,-11.84 
1261,20190200221,THRM,Gentherm Inc,Dec 2018,0.5 ,0.58 ,4 ,-13.79 
1262,20190200221,JRVR,"James River Group Holdings, Ltd.",Dec 2018,0.56 ,0.65 ,2 ,-13.85 
1263,20190200221,CCOI,"Cogent Communications Holdings, Inc.",Dec 2018,0.16 ,0.19 ,8 ,-15.79 
1264,20190200221,APPN,Appian Corporation,Dec 2018,-0.22 ,-0.19 ,3 ,-15.79 
1265,20190200221,CWST,"Casella Waste Systems, Inc.",Dec 2018,0.09 ,0.11 ,3 ,-18.18 
1266,20190200221,FIX,"Comfort Systems USA, Inc.",Dec 2018,0.67 ,0.83 ,2 ,-19.28 
1267,20190200221,HL,Hecla Mining Company,Dec 2018,-0.06 ,-0.05 ,4 ,-20 
1268,20190200221,EHTH,"eHealth, Inc.",Dec 2018,1.49 ,1.87 ,3 ,-20.32 
1269,20190200221,FSLR,"First Solar, Inc.",Dec 2018,0.49 ,0.64 ,8 ,-23.44 
1270,20190200221,MFA,"MFA Financial, Inc.",Dec 2018,0.13 ,0.17 ,2 ,-23.53 
1271,20190200221,VERI,"Veritone, Inc.",Dec 2018,-0.92 ,-0.72 ,3 ,-27.78 
1272,20190200221,GNMK,"GenMark Diagnostics, Inc.",Dec 2018,-0.21 ,-0.16 ,4 ,-31.25 
1273,20190200221,VG,Vonage Holdings Corp.,Dec 2018,0.04 ,0.06 ,6 ,-33.33 
1274,20190200221,RS,Reliance Steel & Aluminum Co.,Dec 2018,1.08 ,1.71 ,5 ,-36.84 
1275,20190200221,BVN,Buenaventura Mining Company Inc.,Dec 2018,0.05 ,0.09 ,2 ,-44.44 
1276,20190200221,BG,Bunge Limited,Dec 2018,0.08 ,0.19 ,2 ,-57.89 
1277,20190200221,LPSN,"LivePerson, Inc.",Dec 2018,-0.05 ,-0.03 ,5 ,-66.67 
1278,20190200221,CZR,Caesars Entertainment Corporation,Dec 2018,-0.18 ,-0.1 ,7 ,-80 
1279,20190200221,NYMT,"New York Mortgage Trust, Inc.",Dec 2018,0.02 ,0.16 ,1 ,-87.5 
1280,20190200221,NVRO,Nevro Corp.,Dec 2018,-0.32 ,-0.17 ,7 ,-88.24 
1281,20190200221,TV,Grupo Televisa S.A.,Dec 2018,0.01 ,0.15 ,2 ,-93.33 
1282,20190200221,MUX,McEwen Mining Inc.,Dec 2018,-0.06 ,-0.03 ,1 ,-100 
1283,20190200221,SATS,EchoStar Corporation,Dec 2018,-0.01 ,0.07 ,1 ,-114.29 
1284,20190200221,GASS,"StealthGas, Inc.",Dec 2018,-0.04 ,0.04 ,1 ,-200 
1285,20190200221,BMRN,BioMarin Pharmaceutical Inc.,Dec 2018,-0.28 ,-0.09 ,7 ,-211.11 
1286,20190200221,CSTM,Constellium N.V.,Dec 2018,-0.23 ,0.1 ,4 ,-330 
1287,20190200221,XOG,"Extraction Oil & Gas, Inc.",Dec 2018,-0.3 ,0.1 ,4 ,-400 
1288,20190200221,UEIC,Universal Electronics Inc.,Dec 2018,-0.8 ,0.15 ,2 ,-633.33 
