,Ticker,Name,Volume of Mention,Sentiment,Rising or Falling
0,SP500,S&P 500 Index,95157,very good,up
1,NOK,Nokia Corporation,1986,very good,up
2,MAT,"Mattel, Inc.",1811,good,up
3,SHLD,Sears Holdings Corporation,510,poor,down
4,PVTB,"PrivateBancorp, Inc.",495,poor,up
5,MCD,McDonald's Corp.,478,good,down
6,K,Kellogg Company,472,good,down
7,ABT,Abbott Laboratories,468,very good,up
8,BBRY,BlackBerry Limited,460,good,down
9,LULU,Lululemon Athletica Inc.,459,good,up
10,AA,Alcoa Inc.,430,very good,down
11,NWSA,News Corporation,423,good,down
12,KIM,Kimco Realty Corporation,413,very good,down
13,HBAN,Huntington Bancshares Incorporated,413,poor,down
14,M,"Macy's, Inc.",413,good,down
15,AEE,Ameren Corporation,411,very good,up
16,SO,Southern Company,406,very good,up
17,SRE,Sempra Energy,406,very good,up
18,MS,Morgan Stanley,406,poor,down
19,FE,FirstEnergy Corp.,402,good,down
20,AEP,"American Electric Power Co., Inc.",399,very good,up
21,V,Visa Inc.,399,very good,up
22,PGR,Progressive Corp.,397,poor,down
23,ACE,ACE Limited,397,good,up
24,DF,Dean Foods Company,397,good,up
25,ADBE,Adobe Systems Incorporated,396,good,down
26,SBUX,Starbucks Corporation,393,poor,down
27,MA,MasterCard Incorporated,393,good,down
28,HRB,"H&amp;R Block, Inc.",392,good,up
29,CLDX,"Celldex Therapeutics, Inc.",392,good,down
30,CAB,Cabela's Incorporated,387,good,up
31,WGO,"Winnebago Industries, Inc.",385,good,down
32,SCHW,The Charles Schwab Corporation,385,good,down
33,AES,The AES Corporation,381,very good,up
34,CLF,Cliffs Natural Resources Inc.,380,good,down
35,MRO,Marathon Oil Corporation,377,good,up
36,ARG,"Airgas, Inc.",374,very good,up
37,EBAY,eBay Inc.,373,good,down
38,EA,Electronic Arts Inc.,371,very good,down
39,MGM,MGM Resorts International,370,very good,up
40,LEG,"Leggett &amp; Platt, Incorporated",370,very good,down
41,DGX,Quest Diagnostics Inc.,369,very good,up
42,DUK,Duke Energy Corporation,368,very good,down
43,TWC,Time Warner Cable Inc.,367,poor,up
44,FHN,First Horizon National Corporation,367,good,down
45,AIG,"American International Group, Inc.",366,good,down
46,AFL,AFLAC Inc.,365,very good,down
47,JCP,"J. C. Penney Company, Inc.",364,very good,down
48,VALE,Vale S.A.,364,good,up
49,XOM,Exxon Mobil Corporation,363,very good,up
50,JCI,Johnson Controls Inc.,363,good,up
51,URBN,Urban Outfitters Inc.,362,good,down
52,AET,Aetna Inc.,362,good,down
53,QCOM,QUALCOMM Incorporated,362,good,down
54,ACI,Arch Coal Inc.,358,good,up
55,PETS,"PetMed Express, Inc.",358,good,up
56,A,Agilent Technologies Inc.,357,very good,up
57,CMG,"Chipotle Mexican Grill, Inc.",357,good,up
58,MTB,M&amp;T Bank Corporation,357,good,up
59,SIRI,Sirius XM Holdings Inc.,356,very good,up
60,ATVI,"Activision Blizzard, Inc.",355,very good,down
61,SFLY,"Shutterfly, Inc.",355,very good,down
62,KMB,Kimberly-Clark Corporation,354,good,up
63,DO,"Diamond Offshore Drilling, Inc.",354,good,up
64,ESV,Ensco plc,354,good,down
65,ZNGA,"Zynga, Inc.",353,very good,up
66,PLD,"Prologis, Inc.",352,very good,down
67,PWR,"Quanta Services, Inc.",352,good,up
68,NTRI,"Nutrisystem, Inc.",351,poor,down
69,EXPE,Expedia Inc.,351,good,down
70,ACN,Accenture plc,350,very good,down
71,ANN,ANN INC.,350,good,down
72,KLAC,KLA-Tencor Corporation,349,very good,up
73,ROST,Ross Stores Inc.,348,very poor,down
74,SPG,Simon Property Group Inc.,348,very good,up
75,GWW,"W.W. Grainger, Inc.",348,very good,down
76,DE,Deere &amp; Company,347,very good,up
77,ORCL,Oracle Corporation,346,very good,up
78,HTZ,"Hertz Global Holdings, Inc.",346,good,up
79,MPC,Marathon Petroleum Corporation,345,very good,up
80,IBM,International Business Machines Corporation,345,very good,up
81,CRM,"salesforce.com, inc.",345,very good,down
82,KEY,KeyCorp.,344,very good,down
83,TSN,"Tyson Foods, Inc.",344,good,down
84,TJX,"The TJX Companies, Inc.",344,good,down
85,ETN,Eaton Corporation plc,343,very good,up
86,BBBY,Bed Bath &amp; Beyond Inc.,343,very good,up
87,DTV,DIRECTV,343,poor,down
88,DIS,The Walt Disney Company,343,good,up
89,LOW,Lowe's Companies Inc.,343,good,down
90,GME,GameStop Corp.,342,very good,up
91,SYMC,Symantec Corporation,342,good,up
92,SLB,Schlumberger Limited,342,good,down
93,DOW,The Dow Chemical Company,341,poor,down
94,ARO,"Aeropostale, Inc.
",341,poor,down
95,ABBV,AbbVie Inc.,341,good,down
96,EMC,EMC Corporation,340,very good,up
97,BMY,Bristol-Myers Squibb Company,340,very good,down
98,QDEL,Quidel Corp.,340,good,up
99,GES,Guess' Inc.,339,good,up
100,DNR,Denbury Resources Inc.,339,good,down
101,TYC,Tyco International Ltd.,338,very good,up
102,RF,Regions Financial Corporation,338,very good,down
103,FB,"Facebook, Inc.",338,poor,down
104,ECL,Ecolab Inc.,338,poor,down
105,ADT,The ADT Corporation,338,good,up
106,WYNN,Wynn Resorts Ltd.,338,good,down
107,ABC,AmerisourceBergen Corporation,338,good,down
108,DNB,Dun &amp; Bradstreet Corp.,337,very good,up
109,EW,Edwards Lifesciences Corp.,337,very good,up
110,NRG,"NRG Energy, Inc.",337,very good,up
111,ETFC,E*TRADE Financial Corporation,336,poor,down
112,HAR,"Harman International Industries, Incorporated",336,good,up
113,MRK,Merck &amp; Co. Inc.,336,good,down
114,BK,The Bank of New York Mellon Corporation,335,very good,up
115,MCK,McKesson Corporation,335,very good,up
116,UA,"Under Armour, Inc.",335,very good,up
117,MHFI,"McGraw Hill Financial, Inc.",335,very good,up
118,DRI,"Darden Restaurants, Inc.",335,good,up
119,BKS,"Barnes &amp; Noble, Inc.",335,good,down
120,HOV,Hovnanian Enterprises Inc.,335,good,down
121,LNC,Lincoln National Corporation,335,good,down
122,JNJ,Johnson and Johnson,334,very poor,down
123,WMT,Wal-Mart Stores Inc.,334,very good,up
124,KMI,"Kinder Morgan, Inc.",334,very good,up
125,GS,"The Goldman Sachs Group, Inc.",334,very good,up
126,STT,State Street Corporation,334,very good,down
127,LNKD,LinkedIn Corporation,334,good,up
128,MSFT,Microsoft Corporation,334,good,up
129,CA,"CA, Inc.",334,good,up
130,JPM,JPMorgan Chase &amp; Co.,334,good,down
131,HUM,Humana Inc.,333,very good,up
132,TWTR,"Twitter, Inc.",333,very good,up
133,BLK,"BlackRock, Inc.",333,good,up
134,CVX,Chevron Corporation,333,good,up
135,NLY,"Annaly Capital Management, Inc.",333,good,down
136,DTE,DTE Energy Company,332,very good,up
137,AMAT,"Applied Materials, Inc.",332,very good,up
138,FCX,Freeport-McMoRan Inc.,332,very good,up
139,BIIB,Biogen Inc.,332,very good,up
140,WFM,"Whole Foods Market, Inc.",332,good,up
141,MJN,Mead Johnson Nutrition Company,331,very good,up
142,DLPH,Delphi Automotive PLC,331,good,up
143,COST,Costco Wholesale Corporation,331,good,up
144,RAI,Reynolds American Inc.,331,good,down
145,SNE,Sony Corporation,331,good,down
146,CNX,CONSOL Energy Inc.,331,good,down
147,PCP,Precision Castparts Corp.,330,very good,up
148,SCHL,Scholastic Corporation,330,poor,down
149,EIX,Edison International,330,good,up
150,DD,E. I. du Pont de Nemours and Company,330,good,up
151,DISCA,"Discovery Communications, Inc.",330,good,down
152,BAX,Baxter International Inc.,330,good,down
153,NEE,"NextEra Energy, Inc.",329,very good,down
154,CAM,Cameron International Corporation,329,poor,down
155,CELG,Celgene Corporation,329,good,up
156,GNW,"Genworth Financial, Inc.",329,good,down
157,DG,Dollar General Corporation,329,good,down
158,P,"Pandora Media, Inc.",328,very good,up
159,LLY,Eli Lilly and Company,328,very good,up
160,MDT,Medtronic plc,328,very good,up
161,HES,Hess Corporation,328,very good,up
162,YUM,"Yum! Brands, Inc.",328,good,down
163,MMC,"Marsh &amp; McLennan Companies, Inc.",328,good,down
164,AMZN,Amazon.com Inc.,327,very good,up
165,CI,Cigna Corp.,327,very good,down
166,RTN,Raytheon Company,327,poor,up
167,SCTY,SolarCity Corporation,327,good,down
168,GMCR,"Keurig Green Mountain, Inc.",327,good,down
169,VLO,Valero Energy Corporation,326,very good,up
170,LRCX,Lam Research Corporation,326,very good,up
171,HAS,Hasbro Inc.,326,very good,down
172,DFS,Discover Financial Services,326,very good,down
173,KO,The Coca-Cola Company,326,poor,down
174,L,Loews Corporation,326,poor,down
175,MAR,"Marriott International, Inc.",326,good,down
176,DVN,Devon Energy Corporation,325,very good,up
177,R,"Ryder System, Inc.",325,very good,up
178,TXN,Texas Instruments Inc.,325,very good,up
179,MET,"MetLife, Inc.",325,very good,down
180,APA,Apache Corp.,325,good,up
181,WFC,Wells Fargo &amp; Company,325,good,up
182,TM,Toyota Motor Corporation,325,good,up
183,MYL,Mylan N.V.,325,good,down
184,NILE,Blue Nile Inc.,324,very good,up
185,RHI,Robert Half International Inc.,324,very good,up
186,COL,Rockwell Collins Inc.,324,very good,up
187,ADI,"Analog Devices, Inc.",324,very good,up
188,LM,Legg Mason Inc.,324,very good,down
189,EMR,Emerson Electric Co.,324,very good,down
190,ROK,Rockwell Automation Inc.,324,very good,down
191,BBY,"Best Buy Co., Inc.",324,very good,down
192,APD,Air Products &amp; Chemicals Inc.,324,good,up
193,SE,Spectra Energy Corp.,324,good,up
194,MDLZ,"Mondelez International, Inc.",324,good,up
195,VIAB,"Viacom, Inc.",324,good,up
196,CAT,Caterpillar Inc.,324,good,up
197,AXP,American Express Company,324,good,down
198,MAS,Masco Corporation,324,good,down
199,BRCM,Broadcom Corp.,324,good,down
200,KSS,Kohl's Corp.,324,good,down
201,CAMP,CalAmp Corp.,324,good,down
202,HOG,"Harley-Davidson, Inc.",324,good,down
203,BIG,Big Lots Inc.,323,very good,up
204,DHR,Danaher Corp.,323,very good,up
205,KR,The Kroger Co.,323,very good,up
206,DPS,"Dr Pepper Snapple Group, Inc.",323,very good,up
207,JOY,"Joy Global, Inc.",323,good,up
208,MCO,Moody's Corporation,323,good,up
209,CMCSA,Comcast Corporation,323,good,up
210,CSX,CSX Corp.,323,good,down
211,DVA,DaVita HealthCare Partners Inc.,323,good,down
212,QEP,"QEP Resources, Inc.",323,good,down
213,VZ,Verizon Communications Inc.,323,good,down
214,D,"Dominion Resources, Inc.",322,very good,up
215,MCHP,Microchip Technology Inc.,322,very good,up
216,PFE,Pfizer Inc.,322,very good,down
217,BAC,Bank of America Corporation,322,poor,down
218,AMT,American Tower Corporation,322,poor,down
219,GM,General Motors Company,322,good,down
220,MKC,"McCormick &amp; Company, Incorporated",322,good,down
221,INTC,Intel Corporation,322,good,down
222,CSCO,"Cisco Systems, Inc.",322,good,down
223,MON,Monsanto Company,321,very good,up
224,CBG,"CBRE Group, Inc.",321,very good,down
225,LEN,Lennar Corp.,321,very good,down
226,LH,Laboratory Corp. of America Holdings,321,very good,down
227,PSA,Public Storage,321,poor,up
228,JWN,Nordstrom Inc.,321,good,up
229,FITB,Fifth Third Bancorp,321,good,up
230,T,"ATT, Inc.",321,good,down
231,RRC,Range Resources Corporation,321,good,down
232,HP,"Helmerich &amp; Payne, Inc.",321,good,down
233,LLTC,Linear Technology Corporation,321,good,down
234,MNST,Monster Beverage Corporation,321,good,down
235,WTW,"Weight Watchers International, Inc.",320,very good,up
236,EFX,Equifax Inc.,320,very good,up
237,MO,Altria Group Inc.,320,very good,up
238,COP,ConocoPhillips,320,very good,up
239,PPL,PPL Corporation,320,very good,down
240,BRK-B,Berkshire Hathaway Inc.,320,good,up
241,LLL,L-3 Communications Holdings Inc.,320,good,down
242,NWL,Newell Rubbermaid Inc.,320,good,down
243,GILD,Gilead Sciences Inc.,320,good,down
244,DOV,Dover Corporation,320,good,down
245,BHI,Baker Hughes Incorporated,320,good,down
246,TAP,Molson Coors Brewing Company,319,very good,up
247,HCP,"HCP, Inc.",319,very good,up
248,DAL,"Delta Air Lines, Inc.",319,very good,up
249,F,Ford Motor Co.,319,very good,up
250,DKS,Dick's Sporting Goods Inc.,319,very good,down
251,MU,"Micron Technology, Inc.",319,very good,down
252,HOT,Starwood Hotels &amp; Resorts Worldwide Inc.,319,poor,up
253,TWX,Time Warner Inc.,319,good,down
254,C,Citigroup Inc.,319,good,down
255,YHOO,Yahoo! Inc.,319,good,down
256,NKE,"Nike, Inc.",319,good,down
257,LMT,Lockheed Martin Corporation,318,very good,up
258,FDX,FedEx Corporation,318,very good,up
259,CMS,CMS Energy Corp.,318,very good,up
260,FSLR,"First Solar, Inc.",318,very good,up
261,GTN,"Gray Television, Inc.",318,very good,up
262,DLTR,"Dollar Tree, Inc.",318,very good,up
263,TIF,Tiffany &amp; Co.,318,very good,down
264,AMD,"Advanced Micro Devices, Inc.",318,very good,down
265,ECYT,"Endocyte, Inc.",318,good,up
266,S,Sprint Corporation,318,good,up
267,ANF,Abercrombie &amp; Fitch Co.,318,good,up
268,LUV,Southwest Airlines Co.,318,good,down
269,XRAY,DENTSPLY International Inc.,318,good,down
270,LUK,Leucadia National Corporation,318,good,down
271,NVDA,NVIDIA Corporation,317,very good,up
272,GAS,AGL Resources Inc.,317,very good,up
273,PG,The Procter &amp; Gamble Company,317,very good,down
274,TGT,Target Corp.,317,very good,down
275,HD,"The Home Depot, Inc.",317,very good,down
276,LYB,LyondellBasell Industries N.V.,317,good,up
277,CMI,Cummins Inc.,317,good,up
278,AEO,"American Eagle Outfitters, Inc.",317,good,up
279,NBL,"Noble Energy, Inc.",317,good,up
280,ARNA,"Arena Pharmaceuticals, Inc.",317,good,up
281,RSG,"Republic Services, Inc.",317,good,up
282,PEP,"Pepsico, Inc.",317,good,up
283,BA,The Boeing Company,317,good,down
284,PEG,Public Service Enterprise Group Inc.,317,good,down
285,NFLX,"Netflix, Inc.",316,very poor,down
286,PRU,"Prudential Financial, Inc.",316,very good,up
287,PHM,"PulteGroup, Inc.",316,very good,up
288,JNPR,"Juniper Networks, Inc.",316,very good,up
289,CVS,CVS Health Corporation,316,very good,up
290,CVC,Cablevision Systems Corporation,316,very good,up
291,AMGN,Amgen Inc.,316,very good,down
292,ALTR,Altera Corp.,316,good,up
293,CHK,Chesapeake Energy Corporation,316,good,down
294,GRPN,"Groupon, Inc.",316,good,down
295,RHT,"Red Hat, Inc.",315,very good,up
296,ETR,Entergy Corporation,315,very good,up
297,JDSU,JDS Uniphase Corporation,315,very good,up
298,PRGO,Perrigo Company Public Limited Company,315,poor,down
299,GOOG,Google Inc.,315,good,up
300,AAPL,Apple Inc.,315,good,down
301,TSLA,"Tesla Motors, Inc.",315,good,down
302,DHI,DR Horton Inc.,315,good,down
303,UNP,Union Pacific Corporation,315,good,down
304,HAL,Halliburton Company,225,good,down
305,HON,Honeywell International Inc.,200,very good,up
306,GE,General Electric Company,200,good,down
307,MCP,"Molycorp, Inc.",68,good,down
308,NDAQ,"The Nasdaq OMX Group, Inc.",22,very good,up
